doc_id,company_code,company_name,year,doc_type,file_path,total_pages,issue_pages_before,issue_ratio_before,rescued_pymupdf,rescued_llamaparse,issue_pages_after,issue_ratio_after,issue_breakdown_after,still_failed_pages
000660_2022_governance_report,000660,SK하이닉스,2022,governance_report,/content/drive/MyDrive/ESG 팀프로젝트/2. ESG 채점 세트/보고서 3종/SK하이닉스(000660)/000660_2022_governance.pdf,106,1,0.009,1,0,0,0.0,{},[]
000660_2023_governance_report,000660,SK하이닉스,2023,governance_report,/content/drive/MyDrive/ESG 팀프로젝트/2. ESG 채점 세트/보고서 3종/SK하이닉스(000660)/000660_2023_governance.pdf,112,1,0.009,1,0,0,0.0,{},[]
004710_2023_governance_report,004710,한솔테크닉스,2023,governance_report,/content/drive/MyDrive/ESG 팀프로젝트/2. ESG 채점 세트/보고서 3종/한솔테크닉스(004710)/004710_2023_governance.pdf,42,0,0.0,0,0,0,0.0,{},[]
004710_2024_governance_report,004710,한솔테크닉스,2024,governance_report,/content/drive/MyDrive/ESG 팀프로젝트/2. ESG 채점 세트/보고서 3종/한솔테크닉스(004710)/004710_2024_governance.pdf,42,0,0.0,0,0,0,0.0,{},[]
004710_2025_governance_report,004710,한솔테크닉스,2025,governance_report,/content/drive/MyDrive/ESG 팀프로젝트/2. ESG 채점 세트/보고서 3종/한솔테크닉스(004710)/004710_2025_governance.pdf,43,0,0.0,0,0,0,0.0,{},[]
272210_2022_governance_report,272210,한화시스템,2022,governance_report,/content/drive/MyDrive/ESG 팀프로젝트/2. ESG 채점 세트/보고서 3종/한화시스템(272210)/272210_2022_governance.pdf,75,0,0.0,0,0,0,0.0,{},[]
272210_2023_governance_report,272210,한화시스템,2023,governance_report,/content/drive/MyDrive/ESG 팀프로젝트/2. ESG 채점 세트/보고서 3종/한화시스템(272210)/272210_2023_governance.pdf,77,0,0.0,0,0,0,0.0,{},[]
195870_2024_governance_report,195870,해성디에스,2024,governance_report,/content/drive/MyDrive/ESG 팀프로젝트/2. ESG 채점 세트/보고서 3종/해성디에스(195870)/195870_2024_governance.pdf,47,0,0.0,0,0,0,0.0,{},[]
195870_2025_governance_report,195870,해성디에스,2025,governance_report,/content/drive/MyDrive/ESG 팀프로젝트/2. ESG 채점 세트/보고서 3종/해성디에스(195870)/195870_2025_governance.pdf,51,0,0.0,0,0,0,0.0,{},[]
298040_2022_governance_report,298040,효성중공업,2022,governance_report,/content/drive/MyDrive/ESG 팀프로젝트/2. ESG 채점 세트/보고서 3종/효성중공업(298040)/298040_2022_governance.pdf,77,0,0.0,0,0,0,0.0,{},[]
298040_2023_governance_report,298040,효성중공업,2023,governance_report,/content/drive/MyDrive/ESG 팀프로젝트/2. ESG 채점 세트/보고서 3종/효성중공업(298040)/298040_2023_governance.pdf,77,0,0.0,0,0,0,0.0,{},[]
298040_2024_governance_report,298040,효성중공업,2024,governance_report,/content/drive/MyDrive/ESG 팀프로젝트/2. ESG 채점 세트/보고서 3종/효성중공업(298040)/298040_2024_governance.pdf,56,0,0.0,0,0,0,0.0,{},[]
298040_2025_governance_report,298040,효성중공업,2025,governance_report,/content/drive/MyDrive/ESG 팀프로젝트/2. ESG 채점 세트/보고서 3종/효성중공업(298040)/298040_2025_governance.pdf,63,0,0.0,0,0,0,0.0,{},[]
