company_code,company_name,분류코드,항목명,영역,범주,적용구분,채점유형,충족단계/요건수,위반유형1,위반유형2,위반유형3,자사취득점수,confidence,insufficient_data,need_review,근거_chunk_ids,rationale,retrieval_query,n_evidence_retrieved,채점시각
000990,DB하이텍,S-1-1,목표 수립 및 공시,사회,목표,기본진단항목(v2.0),단계형,2단계,,,,25,high,False,False,000990_2025_sustainability_report_0015;000990_2025_sustainability_report_0016;000990_2025_sustainability_report_0020;000990_2025_sustainability_report_0027;000990_2025_sustainability_report_0246,"DB하이텍은 지속가능경영보고서를 통해 임직원 근로환경, 안전보건경영 강화, 협력사 동반성장, 지역사회 상생활동 등 사회 분야의 추진 방향성 및 지향점을 제시하고 있습니다. 그러나 사회 분야 핵심이슈에 대해 명확한 단기 및 중장기 성과목표를 수립한 근거는 확인되지 않으며, 제3자 검증의견서에서도 핵심 이슈별 목표/지표 설정 강화를 권고사항으로 제시하고 있습니다. 따라서 단기/중장기 성과목표는 수립되지 않았으나 사회 분야 미션/비전/지향점을 제시하고 있는 2단계 요건에 해당합니다.","목표 수립 및 공시  조직이 중요하게 생각하는 사회분야의 이슈에 대하여, 재무적 가치와 사회적 가치의 균형점을 찾는 구체적인 목표를 설정하고, 이를 달성하기 위한 노력을 하는지 확인  ESG(지속가능경영)보고서를 통해 도출된 중요한 사회분야 이슈에 대해서 정성/정량적인 목표를 투자자, 고객 등 이해관계자 에게 공개하고 있는지 점검 사회 분야 핵심이슈에 대해 중장기 정성/정량 목표를 설정/공시합니까?",15,2026-09-03T01:09:59.022956+00:00
000990,DB하이텍,S-2-1,신규 채용 및 고용 유지,사회,노동,기본진단항목(v2.0),복합가중형,해당없음(복합가중형),,,,17,medium,True,True,000990_2025_sustainability_report_0145,신규 채용 지수 추세: 0점 | 고용 규모 추세: 17점,"신규 채용 및 고용 유지  조직이 신규 채용을 통해 지속적 성장에 필요한 인적자본을 축적함과 동시에, 지역사회의 일자리 창출, 고용안정성 증대에 기여하고 있는지 확인  조직이 창출한 부가가치를 채용에 투자하고 있는지, 조직의 고용 규모가 안정적인지 점검 부가가치 창출 대비 신규채용 지수 및 고용 규모(총인원)가 4개년 간 증가 추세입니까?",15,2026-09-03T01:10:14.472906+00:00
000990,DB하이텍,S-2-2,정규직 비율,사회,노동,기본진단항목(v2.0),단계형,5단계,,,,100,high,False,False,000990_2025_sustainability_report_0145;000990_2025_business_report_1050,"DB하이텍의 지속가능경영보고서 및 사업보고서에 따르면, 최근 3개년(2022~2024년) 정규직 비율이 2022년 98.3%, 2023년 99.1%, 2024년 98.8%로 나타납니다. 3개년 이하 데이터 보유 시 해당 데이터로 산정한다는 기준에 따라 최근 3개년 정규직 비율이 지속적으로 80%를 초과하므로 가장 높은 단계인 5단계를 충족합니다.","정규직 비율  정규직 근로자의 비율 확대가 조직과 사회의 지속가능성에 긍정적 영향을 미친다는 가정 하에 조직이 정규직 확대를 통해 지역 사회의 고용안정성 증가와 비정규직 근로자 문제에 기여하고 있는 정도를 확인  조직의 전체 인력 대비 정규직 비율을 점검 파견, 일용직 등을 제외한 기간의 정함이 없는 정규직 비율이 충분합니까?",15,2026-09-03T01:10:21.234754+00:00
000990,DB하이텍,S-2-3,자발적 이직률,사회,노동,기본진단항목(v2.0),단계형,3단계,,,,100,high,False,False,000990_2025_sustainability_report_0145;000990_2025_sustainability_report_0146,"DB하이텍의 지속가능경영보고서에 명시된 최근 3개년(2022년~2024년) 자발적 이직률 데이터를 확인한 결과, 2022년 9.9%, 2023년 8.9%, 2024년 7.6%로 매년 지속적으로 감소하는 추세를 보이고 있습니다. 진단 요건 상 3개년 이하 데이터 보유 시 해당 데이터로 추세를 산정하며, 감소 추세를 충족하므로 가장 높은 단계인 3단계에 해당합니다.",자발적 이직률  조직의 인적자원 관리 수준이 적정한 수준을 유지하며 관리되고 있는지 확인  구성원이 자발적으로 조직을 이동함을 의미하는 자발적 이직의 비율을 점검(산업적 특성 반영) 인적자원 관리 수준을 대변하는 자발적 이직률이 최근 4개년 간 감소 추세입니까?,15,2026-09-03T01:10:27.271038+00:00
000990,DB하이텍,S-2-4,교육훈련비,사회,노동,기본진단항목(v2.0),단계형,1단계,,,,0,high,False,False,000990_2025_sustainability_report_0148;000990_2025_sustainability_report_0149,"DB하이텍 지속가능경영보고서에 공개된 최근 3개년(2022년~2024년) 기술사무직 1인당 교육훈련비(인당 투자 비용)는 2022년 1,216천원, 2023년 1,328천원, 2024년 1,256천원입니다. 2023년 대비 2024년에 비용이 감소하였으며 명확한 증가 추세(3단계)나 유지/변동 없음(2단계)의 조건을 명확히 충족하지 못하므로, 보수적인 평가 기준에 따라 1단계를 적용합니다.",교육훈련비  조직이 미래 경쟁력 및 지속가능성 확보를 위해 구성원의 교육 및 훈련에 얼마나 투자하고 있는지 확인  상대적 비교가능성이 높은 ‘원단위’ 개념을 적용하여 인적자본 관리 기본 진단항목인 구성원 수 기반의 1인당 교육훈련비를 점검. 최근 5개 회계연도의 1인당 교육훈련비 추세를 함께 고려 1인당 평균 교육훈련 비용이 최근 4개년 간 증가 추세입니까?,15,2026-09-03T01:10:36.971434+00:00
000990,DB하이텍,S-2-5,복리후생비,사회,노동,기본진단항목(v2.0),단계형,1단계,,,,0,high,True,True,000990_2025_business_report_0401;000990_2025_business_report_0402;000990_2025_business_report_0784;000990_2025_business_report_0785,"제공된 근거에는 선택적 복리후생제도 항목 및 판매비와관리비 내 복리후생비 금액(4,676, 5,061, 6,538, 7,002 등)이 일부 명시되어 있으나, 각 회계연도별 구성원 수 및 최근 4개년 간의 1인당 복리후생비 추세를 명확히 산출할 수 있는 데이터가 부족합니다. 평가 기준에 따라 최근 4개년 간 1인당 복리후생비 정보가 명확하지 않은 경우 1단계(0점)를 적용합니다.",복리후생비  조직이 임직원의 업무환경 및 근무조건 개선을 통해 직원 만족도를 높이고 있는지를 점검하는 항목으로 법률상 강제성이 있는 법정 복리후생비를 제외한 조직별 복리후생비를 확인  상대적 비교가능성이 높은 ‘원단위’ 개념을 적용하여 인적자본 관리 기본 진단항목인 구성원 수 기반의 1인당 복리후생비를 점검 (최근 4개 회계연도의 1인당 복리후생비 추세 고려) 법정 외 1인당 복리후생비 지출이 최근 4개년 간 증가 추세입니까?,15,2026-09-03T01:10:44.890875+00:00
000990,DB하이텍,S-2-6,결사의 자유 보장,사회,노동,기본진단항목(v2.0),단계형,3단계,,,,50,high,False,False,000990_2025_sustainability_report_0015;000990_2025_sustainability_report_0150;000990_2025_sustainability_report_0151,"DB하이텍은 근로자참여법에 따른 노사협의회를 설치·운영 중이며, 2024년 총 4차례의 정기회의(3개월마다 개최)를 진행하여 안건을 협의했습니다. 또한 단체교섭활동과 단체협약 적용 임직원 비율(98.3%)을 공개하여 적법한 노동조합과의 단체교섭 및 단체협약 존재를 확인하였습니다. 다만 정기회의 외 추가 임시회의(노사 실무협의 포함)의 구체적인 개최 실적 및 단체협약의 성실한 이행 증빙이 명확히 제시되지 않아, 보수적으로 3단계를 적용합니다.","결사의 자유 보장  조직의 직원이 유엔 세계인권선언 제20조에서 제시하는 결사의 자유를 보장받을 수 있는지, 근로자 이해대변 및 협력적 노사관계 형성·유지를 위한 협의기구가 있는지 확인 - (결사의 자유 보장) 근로자가 주체가 되어 자주적으로 단결하여 근로조건의 유지·개선 기타 근로자의 경제적·사회적 지위의 향상을 도모함을 목적으로 조직하는 노동조합의 설립 및 정당한 노동조합 활동을 보장하고 있는지를 점검 - (노사협력) 아울러 ｢근로자참여 및 협력증진에 관한 법률｣에 따른 노사 협의기구인 노사협의회의 설치 및 실질적인 운영을 통한 노사 파트너십 수준을 점검 노동조합 설립·가입, 단체협약 이행, 분기별 노사협의회가 실질 운영됩니까?",15,2026-09-03T01:10:58.610064+00:00
000990,DB하이텍,S-3-1,여성 구성원 비율,사회,다양성 및 양성평등,기본진단항목(v2.0),단계형,1단계,,,,0,high,True,True,000990_2025_sustainability_report_0145,"2024년 기준 전체 구성원 중 여성 비율은 45.6%(2,051명 중 937명)로 제시되어 있으나(chunk_id: 000990_2025_sustainability_report_0145), 요건 판정에 필수적인 '미등기임원 중 여성이 차지하는 비율' 데이터가 검색된 근거 내에 명확히 기재되어 있지 않습니다. 따라서 제공된 데이터만으로는 전체 구성원 여성 비율과 미등기임원 여성 비율의 차이를 산출할 수 없어 보수적으로 1단계를 적용합니다.","여성 구성원 비율  조직의 중장기적 성장 및 새로운 사업기회 발굴에 필요한 창조적이고 혁신적인 조직문화를 위해 모든 직급의 구성원 다양성이 관리되고 있는지 확인  국내 인구구조적 특성을 고려하여, 다수의 다양성 기준 중 성별에 따른 다양성 현황을 점검하고자 함. 이를 위해, 조직의 남성 구성원 대비 여성 구성원(또는 여성 구성원 대비 남성 구성원)이 차지하는 비율을 직급별로 점검 전체 여성 비율과 미등기임원 여성 비율 간의 격차가 균형 관리됩니까?",15,2026-09-03T01:11:05.059088+00:00
000990,DB하이텍,S-3-2,여성 급여 비율 (평균 급여액 대비),사회,다양성 및 양성평등,기본진단항목(v2.0),단계형,3단계,,,,50,high,False,False,000990_2025_business_report_1050,"2024년 사업보고서(chunk_id: 000990_2025_business_report_1050) 기준, DB하이텍 전체 직원의 1인 평균 급여액은 86백만원이며, 여성 직원의 1인 평균 급여액은 61백만원입니다. 조직의 1인 평균 급여액 대비 여성 1인 평균 급여액 비율은 약 70.93%(61백만원 / 86백만원)입니다. 이는 70% 초과 ~ 80% 이하 범위에 해당하므로 3단계를 충족합니다.","여성 급여 비율 (평균 급여액 대비)  조직이 다양성 측면에서 소수계층, 사회적 취약계층, 기타 단순한 신체적 차이를 사유로 임금 지급에 차별을 두는 인사제도, 고용관행이 있는지 확인  국내 인구구조적 특성을 고려하여, 차별이 발생하는 다양한 사례 중 성별에 따른 급여 차이가 발생하는지 점검. 조직의 남/여 구성원 중 평균 급여액 미만의 급여를 받는 집단을 기준으로 급여 차이를 확인하는 항목으로써, 1인 평균 급여액 대비 ‘여성 1인 평균 급여액’(또는, 남성 1인 평균 급여액) 비율을 점검 남성 평균 급여 대비 여성 평균 급여의 격차가 점차 해소되고 있습니까?",15,2026-09-03T01:11:11.715714+00:00
000990,DB하이텍,S-3-3,장애인 고용률,사회,다양성 및 양성평등,기본진단항목(v2.0),단계형,1단계,,,,0,high,True,True,000990_2025_sustainability_report_0145;000990_2025_sustainability_report_0166,제공된 보고서 근거 내에 DB하이텍의 장애인 고용률 및 법적 의무고용률 대비 달성 비율에 관한 데이터가 제시되어 있지 않습니다. 근거가 없으므로 가장 보수적인 1단계로 평가하며 데이터 불충분(insufficient_data: true)으로 판단합니다.,"장애인 고용률  장애인은 능력에 따라 보장받고, 고용되어, 유익하고 생산적인 업무를 통해 합리적인 보수를 받을 권리가 있으며, 조직이 해당 권리 향상을 지원하는지 확인  정부의 장애인 의무고용률을 기준으로 조직이 해당 사회적 책임을 이행하고 있는지를 점검 (매년 고용노동부에서 공시하는 장애인 의무고용률과 비교) 법정 장애인 의무고용률 대비 실제 장애인 고용 비율을 초과 달성합니까?",15,2026-09-03T01:11:17.966126+00:00
000990,DB하이텍,S-4-1,안전보건 추진체계,사회,산업안전,기본진단항목(v2.0),선택형,5단계,,,,100,high,False,False,000990_2025_sustainability_report_0034;000990_2025_sustainability_report_0036;000990_2025_sustainability_report_0043;000990_2025_sustainability_report_0088;000990_2025_sustainability_report_0092;000990_2025_sustainability_report_0111;000990_2025_sustainability_report_0133;000990_2025_sustainability_report_0195,"DB하이텍은 안전보건 추진체계의 요건 1부터 요건 5까지의 제반 요건을 모두 충족하고 있습니다.
- 요건 1: 경영자의 환경안전보건방침(ESH Policy) 공표 및 ISO45001 인증 보유, 이사회를 통한 안전보건 예산·조직·시설 현황 점검 및 계획 수립 등 경영진의 리더십 및 자원 배분이 확인됩니다 (chunk_id: 000990_2025_sustainability_report_0036, 000990_2025_sustainability_report_0195).
- 요건 2: 근로자 및 협력사 정기 협의체, 부천/상우 캠퍼스별 산업안전보건위원회 정기회의(연 4회) 운영 등을 통해 근로자의 참여 및 협의를 보장하고 있습니다 (chunk_id: 000990_2025_sustainability_report_0034, 000990_2025_sustainability_report_0092).
- 요건 3: 전사 사업장 위험성평가를 실시하여 487건을 발굴·조치하였으며, 근골격계 유해요인 조사 및 안전보건 맞춤형 교육훈련을 수행하고 있습니다 (chunk_id: 000990_2025_sustainability_report_0088, 000990_2025_sustainability_report_0092, 000990_2025_sustainability_report_0133).
- 요건 4: 위기상황별 비상사태 시나리오 구축 및 정기적인 비상대응 모의훈련을 실시하고 있으며, 협력사 대상 공생협력프로그램 및 위험성평가를 통해 도급 근로자 보호 조치를 취하고 있습니다 (chunk_id: 000990_2025_sustainability_report_0088, 000990_2025_sustainability_report_0092, 000990_2025_sustainability_report_0111).
- 요건 5: OSHA 재해율 지표(Recordable Case Injury Rate, DART Rate)를 도입하여 조직 성과평가에 반영하고, ESH 핵심성과지표 측정 및 이사회를 통한 실적 점검과 개선계획 수립을 이행하고 있습니다 (chunk_id: 000990_2025_sustainability_report_0043, 000990_2025_sustainability_report_0088, 000990_2025_sustainability_report_0195).","안전보건 추진체계  조직이 산업인력 손실, 구성원 사기 저하, 생산성 및 품질 하락, 노사관계 악화 등 경제적 손실과 사회적 비용을 예방하기 위해, 안전 리스크 저감 및 건강·복지 증진 등 안전보건 성과 개선을 체계적으로 추진하고 있는지 확인  국내외 규격에서 제시하는 안전보건경영시스템 구성요건을 기준으로, 조직이 이를 따르거나 준용하여 안전보건 추진체계를 갖추고 있는지 점검 경영자 리더십, 위험성평가, 비상조치 계획, 평가/개선 5대 체계가 있습니까?",15,2026-09-03T01:11:30.998294+00:00
000990,DB하이텍,S-4-2,산업재해율,사회,산업안전,기본진단항목(v2.0),단계형,3단계,,,,100,high,False,False,000990_2025_sustainability_report_0097,"DB하이텍 지속가능경영보고서에 제시된 재해율 데이터에 따르면 최근 3개년(2022~2024년) 자사 재해율 실적은 2022년 0.10%, 2023년 0.27%, 2024년 0.05%로 기록되어 있습니다. 평가 지침에 따라 3개년 이하 데이터 보유 시 해당 데이터로 추세를 산정하며, 시작 연도(2022년 0.10%) 및 전년도(2023년 0.27%) 대비 2024년 재해율(0.05%)이 명확히 감소하였으므로 3단계(산업재해율 감소 추세) 요건을 만족합니다.","산업재해율  조직의 안전보건 거버넌스 구축, 중점과제 추진, 업무시스템 구축, 성과점검 및 평가 등 안전보건 추진체계가 효과성을 나타내고 있는지 확인  조직 구성원의 안전/보건을 위협하는 요인을 지속적으로 관리하고 재해율을 줄이기 위해 노력하고 있는지 점검 (국내외 모든 구성원으로부터 발생하는 산업재해율 추이 분석) 연평균 근로자 수 대비 요양 승인된 산업재해자 비율이 감소 추세입니까?",15,2026-09-03T01:11:39.474895+00:00
000990,DB하이텍,S-5-1,인권정책 수립,사회,인권,기본진단항목(v2.0),단계형,5단계,,,,100,high,False,False,000990_2025_sustainability_report_0249;000990_2025_sustainability_report_0250;000990_2025_sustainability_report_0252;000990_2025_sustainability_report_0253;000990_2025_sustainability_report_0254;000990_2025_sustainability_report_0255;000990_2025_sustainability_report_0266,"DB하이텍은 RBA 행동규범에 기반한 'DB하이텍 행동규범(Global Code of Conduct)'을 제정하여 1) 강제노동 금지, 2) 아동노동 금지, 3) 근로시간, 4) 임금과 복리후생, 5) 인도적 대우, 6) 차별금지, 7) 결사의 자유, 8) 책임있는 광물 조달, 9) 개인정보 보호 등 9개 이상의 인권·노동 관련 이슈에 대해 명확한 정책적 접근방향 및 구체적 지침을 제시하고 있으므로 5단계 요건을 충족합니다.","인권정책 수립  조직이 UN의 ‘세계인권선언’ 및 ‘기업과 인권 이행원칙’, ILO ‘핵심협약’, OECD ‘책임있는 사업을 위한 실사 가이드라인’ 등에 기반하여, 인권경영 추진을 선언하는 대외공식적 정책을 제시하고 있는지 확인  조직이 인권정책(Human Rights Policy)을 통해 인권보호가 필요한 이슈에 대해 어떠한 정책적 접근을 하고 있는지 점검 차별/강제/아동노동 금지 등 주요 10대 핵심 인권 보호 정책을 수립했습니까?",15,2026-09-03T01:11:47.791880+00:00
000990,DB하이텍,S-5-2,인권 리스크 평가,사회,인권,기본진단항목(v2.0),단계형,5단계,,,,100,high,False,False,000990_2025_sustainability_report_0150;000990_2025_sustainability_report_0106;000990_2025_sustainability_report_0033;000990_2025_sustainability_report_0157;000990_2025_sustainability_report_0164;000990_2025_sustainability_report_0165,"DB하이텍은 인권 및 노동 영향 관리를 위한 체계를 구축하고, 협력사 대상 자체평가설문지(SAQ) 등의 비대면 진단과 구성원 대상 정기 조직진단을 실시하고 있습니다. 또한 협력사 ESG 현장실사 및 RBA 실사를 진행하고 있으며, 진단 결과 파악된 인권·노동 관련 리스크(정신건강 위기군 등)에 대하여 전문적 개입 및 맞춤형 웰니스 프로그램 운영 등의 개선활동을 추진하고 있으므로 5단계 요건을 충족합니다.","인권 리스크 평가  조직의 사업운영과 관련되어 있는 구성원(직접고용 임직원, 협력사 근로자, 기타 사업장이 위치한 지역의 원주민 등)이 직면하거나, 또는 해당 구성원에게 잠재되어 있는 인권 리스크를 관리하고 있는지 확인  조직이 인권 리스크 평가 체계를 구축하고 있으며, 해당 인권 리스크 평가 체계에 따라 실제 인권 리스크를 평가 및 개선하고 있는지 점검 전 사업장/공급망 인권 리스크 진단, 고위험군 실사/시정 조치를 이행합니까?",15,2026-09-03T01:11:58.408676+00:00
000990,DB하이텍,S-6-1,협력사 ESG 경영,사회,동반성장,기본진단항목(v2.0),단계형,5단계,,,,100,high,False,False,000990_2025_sustainability_report_0033;000990_2025_sustainability_report_0106;000990_2025_sustainability_report_0107;000990_2025_sustainability_report_0108,"DB하이텍은 협력사 ESG 리스크 관리를 위해 행동규범 및 관리 프로세스를 구축하고, 연 1회 자체평가설문지(SAQ) 및 서면평가 등의 비대면 진단을 실시하고 있습니다. 또한 필요한 경우 서면평가와 함께 현장심사 및 정기점검(현장실사)을 병행하여 실시하고 있으며, 점검 및 평가를 통해 확인된 리스크에 대해 개선권고 26건, 시정보완 57건 등의 시정조치 및 개선활동을 추진하고 있음을 명확히 기술하고 있어 5단계 요건을 모두 충족합니다.","협력사 ESG 경영  조직이 협력사가 직면한 ESG 관련 리스크를 인지하고 있는지, 협력사에 잠재되어 있는 ESG 리스크가 조직에게 전이되는 상황을 미연에 방지하기 위해 노력하는지 확인  조직이 협력사 ESG 리스크 관리 체계를 구축하고 있으며, 해당 관리 체계에 따라 실제 협력사 ESG 리스크를 진단-실사-개선하고 있는지 점검 핵심 협력사 대상 ESG 리스크 진단 및 실사(Audit)/시정조치(CAP)를 관리합니까?",15,2026-09-03T01:12:07.089049+00:00
000990,DB하이텍,S-6-2,협력사 ESG 지원,사회,동반성장,기본진단항목(v2.0),선택형,3단계,,,,50,high,False,False,000990_2025_sustainability_report_0107;000990_2025_sustainability_report_0109;000990_2025_sustainability_report_0115;000990_2025_sustainability_report_0118,"DB하이텍은 협력사와의 동반성장을 위해 ESH 및 기술, 교육 분야 중심의 지원 방향 및 추진영역을 정의하고(요건2 충족), 이에 따라 안전보건 상생협력 컨설팅·보호구 지급·위험성 평가 지원, 기술자문 및 Pattern-Wafer 지원, 기술개선 제안 프로그램 등 추진영역별 세부 실행과제와 추진 실적을 명확히 제시하고 있으므로 요건 3을 충족합니다. 다만, 협력사 ESG 지원에 관한 별도의 성과관리 지표(KPIs) 제시는 확인되지 않아 요건 4 이상은 충족하지 못합니다.","협력사 ESG 지원  조직이 협력사 ESG 관리에 있어 진단-평가-개선으로 이어지는 일련의 프로세스 외, 협력사가 ESG 역량을 갖출 수 있는 지원 방안을 마련하고 있는지 확인  조직이 협력사의 ESG 지원에 대한 의지를 선언하는 것과 함께, 협력사 ESG 지원 전략과 계획이 마련되어 있는지 점검  단, 조직은 협력사 ESG 지원을 위한 별도 전략 및 실행방안을 수립할 수 있으나, 조직의 일반적인 협력사 지원방안 내 ESG 관련 내용을 포함할 수도 있음 협력사 ESG 역량 강화를 위한 전략방향, 세부과제, KPIs/재원을 투입합니까?",15,2026-09-03T01:12:16.101809+00:00
000990,DB하이텍,S-6-3,협력사 ESG 협약사항,사회,동반성장,기본진단항목(v2.0),선택형,2단계,,,,25,high,False,False,000990_2025_sustainability_report_0116,"DB하이텍은 매년 주요 하도급 협력사와 공정거래협약서를 체결하고 있으며, 협약 내용에 협력사 교육 및 기술개발지원이 포함되어 있음을 명확히 밝히고 있습니다. 이를 통해 요건 1(교육 운영 지원 협약 체결)과 요건 2(기술 및 R&D 지원 협약 체결)를 충족합니다. 다만, 금융/자금 지원, 인허가 획득 지원, 설비/장치 도입 지원에 대한 협약 체결 사실은 근거에서 명확하게 확인되지 않으므로 보수적으로 판단하여 2단계를 부여합니다.","협력사 ESG 협약사항  조직이 협력사 ESG 지원을 상생 및 동반성장에 필요한 핵심요소이자, 사회적 책무로 인식하고 있으며, 이를 위해 중장기적으로 협력사의 성장과 혁신에 필요한 지원을 다각적으로 추진하고 있는지 확인  조직이 중장기적으로 안정적이고 지속가능한 협력사 ESG 지원 의지가 있는지 확인할 수 있는 항목으로써, 협력사와 체결한 협약사항을 점검 협력사와 교육, R&D, 금융, 친환경 설비 등을 지원하는 협약을 체결했습니까?",15,2026-09-03T01:12:25.955742+00:00
000990,DB하이텍,S-7-1,전략적 사회공헌,사회,지역사회,기본진단항목(v2.0),선택형,3단계,,,,50,high,False,False,000990_2025_business_report_0106;000990_2025_sustainability_report_0181,"DB하이텍은 '지역사회의 발전이 곧 회사의 지속발전'이라는 가치(슬로건/미션)를 제시하여 요건 1을 충족하고, 이를 달성하기 위한 사회공헌 추진 영역으로 '지식나눔'과 '온기나눔'을 제시하여 요건 2를 충족합니다. 또한, 각 영역별 대표 프로그램(반도체 인력양성 코스 및 장학금 후원, 사랑의 쌀 나누기, 취약계층 복지기금 지원 등)을 구체적으로 제시하여 요건 3을 충족합니다. 다만, 제시된 근거 내에서 대표 프로그램별 중장기 실행계획(요건 4)이나 성과관리 지표(KPIs)(요건 5)는 명확히 확인되지 않아 보수적으로 3단계를 적용합니다.","전략적 사회공헌  조직이 지역사회로부터 사업을 운영할 권리(License to Operate)를 획득함과 동시에, 지역사회 일원으로서 공동의 환경/사회 문제 해결에 필요한 활동에 앞장서는 등 전략적 사회공헌을 추진하고 있는지 확인  조직이 사업적 필요와 사회적 기대를 충분히 고려한 사회공헌 추진방향을 수립하고 있으며, 해당 방향에 따라 사회공헌 프로그램이 운영되고 있는지 점검 기업 핵심역량과 연계된 대표 사회공헌 로드맵 및 KPI를 운영 중입니까?",15,2026-09-03T01:12:34.635919+00:00
000990,DB하이텍,S-7-2,구성원 봉사참여,사회,지역사회,기본진단항목(v2.0),단계형,1단계,,,,0,high,False,False,000990_2025_business_report_0106;000990_2025_sustainability_report_0181,"제공된 보고서 내용 중 사랑의 쌀 나누기, 헌혈, 김장행사 등 봉사활동 및 사회공헌 활동에 대한 언급은 확인되나(chunk_id: 000990_2025_business_report_0106, 000990_2025_sustainability_report_0181), 임직원의 자율적 봉사활동 참여를 지원하거나 장려하는 인센티브 제도(봉사휴가, 포상, 평가 반영 등)의 운영 또는 향후 도입 계획에 대한 근거는 확인되지 않습니다. 따라서 1단계(봉사활동 참여 인센티브 제도가 없는 경우)로 판단합니다.","구성원 봉사참여  조직이 봉사활동 프로그램을 기획하여 구성원에게 참여를 강제하는 방식에서 벗어나, 봉사활동 참여 의지가 있는 구성원의 니즈를 충족시켜주기 위해 조직이 기여하는 수준을 확인  구성원의 자율적 봉사활동을 지원하는 인센티브 제도를 운영하고 있는지 점검 (다양한 형태의 봉사활동 참여 인센티브 제도가 운영되고 있는지 확인) 구성원의 자율적 봉사 장려를 위한 유급휴가, 비용지원, 포상 인센티브를 제공합니까?",15,2026-09-03T01:12:39.990059+00:00
000990,DB하이텍,S-8-1,정보보호 시스템 구축,사회,정보보호,기본진단항목(v2.0),선택형,2단계,,,,25,high,False,False,000990_2025_sustainability_report_0119;000990_2025_sustainability_report_0121,"DB하이텍은 정보보호최고책임자(CISO)를 선임하여 정보보호 업무를 총괄하도록 하고 있으며(요건 1 충족), 정보보호경영 시스템 국제 표준인 ISO/IEC 27001 인증을 획득하고 매년 심사를 받고 있습니다(요건 2 충족). 또한 과학기술정보통신부에 정보보호 투자액을 공시(요건 4)하고 있으나, 시스템에 대한 모의해킹 등 기술적 외부공격 취약성 분석(요건 3) 실시 여부는 악성메일 모의훈련 및 트래픽 분석 언급에 그쳐 요건 3의 명확한 충족 여부를 판단하기에 불명확합니다. 불명확 시 하위 단계로 보수적으로 판단하는 기준에 따라 level 2로 평가합니다.","정보보호 시스템 구축  조직이 보유하고 있는 정보통신망 및 기타 정보자산 등의 안정성 이슈가 강조되고 있음. 이에 따라, 정보자산 해킹, 네트워크 침입 등의 외부 공격과, 물리적/인적 오류로 인해 발생하는 장애에 대응할 수 있는 체계를 갖추고 있는지 확인  정보보호 최고책임자(CISO) 선임, 정보보호 시스템 인증, 모의해킹 등 취약성 분석, 정보보호 공시 이행(의무 또는 자율), 정보 보호 시스템 사고에 대비하기 위한 보험가입 여부 등을 점검 최고책임자(CISO) 임명, ISMS/ISO27001 인증, 배상보험 등을 갖추었습니까?",15,2026-09-03T01:12:54.936161+00:00
000990,DB하이텍,S-8-2,개인정보 침해 및 구제,사회,정보보호,기본진단항목(v2.0),감점형,위반 없음,0.0,0.0,0.0,100,high,False,False,,확인된 위반 없음,"개인정보 침해 및 구제  조직이 관리하고 있는 고객, 협력사 등 다양한 이해관계자의 개인정보 침해에 대한 법/규제 요건을 명확하게 인식하고, 개인정보 침해 사건이 발생하였을 경우 이에 대한 구제 활동 체계를 갖추고, 활동을 수행하고 있는지 확인  정보보호법상 형벌, 행정상 처분(금전적, 비금전적)에 대해 가중치를 달리 적용하는 방식으로 ‘개인정보 침해 및 구제’ 현황을 점검 개인정보 침해 및 구제에 대한 현황을 관리·공시하고 있습니까?",15,2026-09-03T01:12:58.519993+00:00
000990,DB하이텍,S-9-1,사회 법/규제 위반,사회,사회 법/규제 위반,기본진단항목(v2.0),감점형,위반 없음,0.0,0.0,0.0,100,high,False,False,,확인된 위반 없음,"사회 법/규제 위반  조직이 재화와 용역을 제공하는 과정에서 준수해야 할 법/규제 요건을 명확하게 인식하고, 법/규제 리스크 해결을 위한 사회 영역의 투자/유지/보수 활동을 추진하고 있는지 확인  사회영역 관련 법/규제 위반 건 중 조직의 재무구조 및 명성관리에 상당한 영향력을 미치는 사법상 형벌, 행정상 처분(금전적, 비금전적)에 대해 가중치를 달리 적용하는 방식으로 점검 근로/안전/공정거래/소비자보호 관련 법 위반 처분 내역이 있습니까?",15,2026-09-03T01:13:02.925750+00:00
000990,DB하이텍,S-동반성장-추가1,공급망 안정,사회,동반성장,추가진단항목(v2.0),선택형,2단계,,,,25,high,False,False,000990_2025_sustainability_report_0084;000990_2025_sustainability_report_0085;000990_2025_sustainability_report_0105;000990_2025_sustainability_report_0117,"DB하이텍은 1차 협력사의 신용등급, 재무역량, 납기, 품질, ESG 등 리스크 요인을 연 1회 정기 평가 및 모니터링하고 있으며(요건1 충족), 분쟁광물(3TG)과 관련하여 1차 협력사 외 원산지/제련소 단계(N차)의 RMAP 인증 현황을 조사하고 비인증 제련소를 모니터링하는 등 원부자재 차질 리스크를 파악하고 있습니다(요건2 충족). 그러나 신규 협력사 발굴을 위한 오픈소싱 제도가 기술되어 있을 뿐, 공급선 다변화나 대체 협력사 실제 확보 여부(요건3), 물류망 다변화(요건4), 재고 확보 및 내재화(요건5)에 대한 명확한 근거는 확인되지 않아 보수적으로 2단계로 판단합니다.","공급망 안정  국가 간 분쟁, 무역장벽 도입, 물류/유통망 경색 등 다양한 외생변수로 인한 글로벌 공급망 불안정성에 대응하기 위한 계획을 수립하고 있는지 확인  특정 국가 및 지역 의존에서 탈피하거나, 공급선을 다변화하는 등 원부자재 수급 안정화 달성을 위한 조직의 노력을 점검 공급망 안정에 대한 현황을 관리·공시하고 있습니까?",15,2026-09-03T01:13:15.107235+00:00
000990,DB하이텍,S-동반성장-추가2,협력사 동반성장 기여,사회,동반성장,추가진단항목(v2.0),복합가중형,해당없음(복합가중형),,,,0,high,True,True,000990_2025_sustainability_report_0115;000990_2025_sustainability_report_0118,영역1: 재무적 지원자금 비율 추세: 0점 | 영역2: 비재무적 지원 수혜기업 개수 추세: 0점,"협력사 동반성장 기여  원청사와 협력사 간 상생협력 관계를 공고히 해 상호 경쟁력 향상 및 양극화 해소를 위한 직/간접적인 공급망 지원 활동을 추진하고 있는지 확인  지속가능한 공급망 조성을 위해 기술, 인력, 자금, 구매, 판로 등의 부문에서 협력사를 지원하는 조직의 재무적/비재무적 노력을 측정 협력사 동반성장 기여를 계획적으로 수행하고 성과를 관리하고 있습니까?",15,2026-09-03T01:13:29.706074+00:00
000990,DB하이텍,S-소비자-추가1,소비자 정보 제공,사회,소비자,추가진단항목(v2.0),복합가중형,해당없음(복합가중형),,,,50,high,True,True,000990_2025_sustainability_report_0015;000990_2025_sustainability_report_0264,소비자정보 제공 여부: 20점 | 1) 다양한 소비자정보 제공 채널 운영: 10점 | 2) 충실한 소비자정보 제공: 10점 | 3) 검색 등 소비자정보에 대한 접근성: 0점 | 4) VOC 등 소비자 의견 개진 방법 보장: 10점 | 5) VOC 등 소비자 의견 제기의 처리 절차 명시: 0점 | 6) 소비자정보 제공 전 법규 준수 여부 확인 절차 유무: 0점 | 7) 소비자정보 제공 전 법규 준수 여부 확인 절차의 체계성: 0점 | 8) 소비자정보 제공 전 법규 준수 여부 확인 절차 이행 실적: 0점,소비자 정보 제공  조직이 소비자의 알 권리를 충족하기 위해 얼마나 다양한 정보를 적절하게 제공하고 있는지 확인 소비자 정보 제공에 대한 현황을 관리·공시하고 있습니까?,15,2026-09-03T01:13:47.677336+00:00
000990,DB하이텍,S-소비자-추가2,소비자 안전,사회,소비자,추가진단항목(v2.0),단계형,5단계,,,,100,high,False,False,000990_2025_sustainability_report_0015;000990_2025_sustainability_report_0029;000990_2025_sustainability_report_0231,"DB하이텍은 품질관리시스템을 기반으로 불량 관리, 서비스 장애 상황 관리체계, 사고 대응 시스템 등 소비자 안전 및 제품 안정성 강화를 위한 규정과 대응체계를 갖추고 있습니다(chunk_id: 000990_2025_sustainability_report_0029). 또한 고객 품질 및 안전성 관리체계를 강화하고 지속적인 품질 관리, 제품 안정성 확보 및 고객 VOC 청취·해결 활동을 지속적으로 추진 운영하고 있으므로 5단계 요건을 충족합니다.","소비자 안전  조직이 생산/판매하는 상품/서비스로 인해 소비자의 생명, 신체 또는 재산에 위해가 발생하지 않도록 어떤 체계와 노력을 수행하고 있는지 확인 소비자 안전에 대한 현황을 관리·공시하고 있습니까?",15,2026-09-03T01:13:57.812221+00:00
000990,DB하이텍,S-소비자-추가3,고객만족 대응 체계 운영,사회,소비자,추가진단항목(v2.0),복합가중형,해당없음(복합가중형),,,,0,high,True,True,000990_2025_sustainability_report_0015;000990_2025_sustainability_report_0029,소비자불만 처리 관련 규정: 0점 | 소비자불만 처리 담당 조직: 0점 | 소비자불만 처리내용의 관리: 0점 | 소비자불만 관련 지표 관리: 0점,"고객만족 대응 체계 운영  기업과 소비자 간 분쟁 발생 시 해결을 위해 조직이 관련 규정과 담당조직을 마련하여 체계적으로 처리하고 그 내용을 기반으로 소비자 불만을 줄이기 위한 노력을 확인  조직이 소비자 불만 발생 시 이에 대해 적절하게 처리할 수 있는 규정 및 조직을 갖추고 있는지, 소비자 불만 발생을 줄이기 위한 활동을 적극적으로 추진하고 있는지를 점검 고객만족 대응 체계 운영을 수립하여 운영하고 있습니까?",15,2026-09-03T01:14:14.916386+00:00
000990,DB하이텍,S-노동-추가1,정규직 중 고졸자 비율,사회,노동,추가진단항목(v2.0),단계형,1단계,,,,0,high,False,False,000990_2025_sustainability_report_0145,"제공된 지속가능경영보고서 및 사업보고서 근거(chunk_id: 000990_2025_sustainability_report_0145 등)에는 전체 구성원 수, 직종별(기술사무직, 생산직), 고용형태별(정규직 비율, 계약직), 연령별/성별 현황 등은 공시되어 있으나, 정규직(무기계약직 포함) 중 고졸자 비율이나 학력별 구성 현황에 대한 데이터는 공시되어 있지 않습니다. 따라서 1단계(공시하지 않는 경우)에 해당합니다.",정규직 중 고졸자 비율  대학 졸업자에 비해 취업 여건이 열악한 고등학교 졸업자에게 적절한 취업 기회를 주고 있는지 확인  정규직(무기계약직 포함) 중 고졸자 비율을 점검 정규직 중 고졸자 비율을 정량적으로 산정하여 관리·공시하고 있습니까?,15,2026-09-03T01:14:19.421764+00:00
000990,DB하이텍,S-노동-추가2,여가친화 경영,사회,노동,추가진단항목(v2.0),단계형,1단계,,,,0,high,False,False,000990_2025_sustainability_report_0172;000990_2025_sustainability_report_0175,"DB하이텍 지속가능경영보고서에서 여가활용 지원 제도(휴양시설, 동호회, 체육시설 등) 및 '가족친화기업인증' 획득 사실은 확인되지만, '여가친화인증'을 획득했다는 명확한 근거는 제시되어 있지 않습니다. 따라서 한 단계라도 불명확하면 하위 단계로 평가하는 기준에 따라 1단계(여가친화인증 미획득)로 판단합니다.",여가친화 경영  포용적 경영의 핵심이슈인 근로자의 ‘일과 삶의 균형’ 지원 정도를 확인  조직이 근로자가 일과 여가를 조화롭게 추구할 수 있는 여가 친화적인 환경 제공 및 여가 제도 운영 관련 여가친화경영 인증 여부 점검 여가친화 경영을 수립하여 운영하고 있습니까?,15,2026-09-03T01:14:25.968281+00:00
000990,DB하이텍,S-노동-추가3,50세 이상 비자발적 이직예정자 중 재취업지원 제공 비율,사회,노동,추가진단항목(v2.0),단계형,1단계,,,,0,high,True,True,000990_2025_sustainability_report_0146;000990_2025_sustainability_report_0172,"보고서 상 근로자지원프로그램 중 '재취업지원서비스' 운영 사실(chunk_id: 000990_2025_sustainability_report_0172) 및 연령별 이직자·비자발적 이직자 수(chunk_id: 000990_2025_sustainability_report_0146)는 기재되어 있으나, '50세 이상 비자발적 이직예정자 중 재취업지원이 제공된 비율' 및 그 추세(증가/유지/감소)에 대한 구체적인 수치 데이터가 제시되어 있지 않습니다. 따라서 단계 충족 여부를 판단할 근거가 불충분하므로 보수적으로 1단계로 판단합니다.","50세 이상 비자발적 이직예정자 중 재취업지원 제공 비율  초고령사회에 대비하여 50대 이상 준·고령층이 노동시장에서 보다 장기간 활동할 수 있도록 지원하는지 확인  사업주가 50세 이상 비자발적 이직예정자 중 진로설계, 취업알선, 취·창업 교육훈련 등 이직이후 재취업지원을 위한 서비스를 제공하는지 점검 50세 이상 비자발적 이직예정자 중 재취업지원 제공 비율을 정량적으로 산정하여 관리·공시하고 있습니까?",15,2026-09-03T01:14:34.246209+00:00
000990,DB하이텍,S-정보보호-추가1,개인정보보호를 위한 자율적 노력 및 활동,사회,정보보호,추가진단항목(v2.0),복합가중형,해당없음(복합가중형),,,,0,high,False,False,000990_2025_sustainability_report_0121;000990_2025_sustainability_report_0126;000990_2025_sustainability_report_0127,개인정보보호를 위한 자율적 노력 및 활동 공시: 0점,개인정보보호를 위한 자율적 노력 및 활동  조직이 정보주체의 개인정보 자기결정권 보장을 위해서 법적 준수사항 외 자율적으로 개인정보보호를 위해 수행하는 활동 및 노력을 확인 개인정보보호를 위한 자율적 노력 및 활동을 계획적으로 수행하고 성과를 관리하고 있습니까?,15,2026-09-03T01:14:43.284467+00:00
000990,DB하이텍,S-지역사회-추가1,농어촌지역 상생협력 및 균형발전,사회,지역사회,추가진단항목(v2.0),복합가중형,해당없음(복합가중형),,,,0,high,False,False,000990_2025_sustainability_report_0030;000990_2025_sustainability_report_0179,농어촌상생협력기금 출연협약 체결 여부: 0점 | 농어촌상생협력기금 지출액 (출연액 증감 추세): 0점,농어촌지역 상생협력 및 균형발전  조직이 농어촌지역 간 상생협력을 통해 농어업인의 삶의 질 향상 및 농어촌 지역사회의 발전에 기여하는 수준을 확인 농어촌지역 상생협력 및 균형발전에 대한 현황을 관리·공시하고 있습니까?,15,2026-09-03T01:14:52.544173+00:00
000990,DB하이텍,S-지역사회-추가2,산학협력 활성화 기여,사회,지역사회,추가진단항목(v2.0),단계형,2단계,,,,25,high,False,False,000990_2025_sustainability_report_0181;000990_2025_sustainability_report_0182,"DB하이텍은 지속가능경영보고서를 통해 협력대학 반도체 인력양성코스 지원, 장학금 후원, 학술연구 지원사업 등 산학협력 및 인재양성 활동 내용을 공시하고 있으나, '산학협력 마일리지' 점수에 대한 정보공시는 확인되지 않으므로 2단계 요건에 해당합니다.","산학협력 활성화 기여  조직이 대학과의 산학협력을 위해 얼마나 자원을 투입하고 있는지를 확인 * 산학협력이란 산업교육기관과 국가·지방자치단체·정부출연기관 및 산업체 등이 상호협력하여 산업체의 수요와 미래의 산업 발전에 부응하는 인력을 양성하고 새로운 지식, 기술의 창출 및 확산을 위해 연구·개발하며, 산업체 등으로의 기술 이전 및 산업 자문 등의 활동을 의미함(산업교육진흥 및 산학협력촉진에 관한 법률 제2조 제5호). 산학협력 활성화 기여를 계획적으로 수행하고 성과를 관리하고 있습니까?",15,2026-09-03T01:15:06.932525+00:00
000990,DB하이텍,S-지역사회-추가3,미래세대 성장 및 교육 기여,사회,지역사회,추가진단항목(v2.0),단계형,3단계,,,,50,high,False,False,000990_2025_business_report_0106;000990_2025_sustainability_report_0181;000990_2025_sustainability_report_0182,"DB하이텍은 반도체 장학금 후원, 반도체인력양성 코스, 학업격려금 후원, 장학회 기탁 등 미래세대 성장 및 교육 기여 활동 내용과 2024년 기준 지출액(예: 반도체인력양성코스 6.5억 원, 장학금 후원 4억 원, 학업격려금 후원 3억 원 등) 및 수혜규모(학술연구지원사업 14건 등) 정보를 공시하였습니다. 다만, 최근 4년간의 시계열 데이터가 제시되지 않아 매출액 증감폭 대비 지출액 또는 수혜규모의 변동 추세를 알 수 없으므로 3단계에 해당합니다.","미래세대 성장 및 교육 기여  조직이 미래세대의 성장과 교육에 기여하는 수준을 확인 * 기업은 지역사회의 주된 구성원이자 미래세대인 아동과 청년을 위해 각종 교육활동 운영, 현장실습(인턴십) 및 진로체험 기회 제공, 교육기부, 장학금 지원, 역량개발 지원 활동을 추진 미래세대 성장 및 교육 기여를 계획적으로 수행하고 성과를 관리하고 있습니까?",15,2026-09-03T01:15:16.150468+00:00
