company_code,company_name,year,doc_type,file_path
000990,DB하이텍,2022,business_report,/content/drive/MyDrive/ESG 팀프로젝트/2. ESG 채점 세트/보고서 3종/DB하이텍(000990)/000990_2022_business.pdf
000990,DB하이텍,2022,governance_report,/content/drive/MyDrive/ESG 팀프로젝트/2. ESG 채점 세트/보고서 3종/DB하이텍(000990)/000990_2022_governance.pdf
000990,DB하이텍,2022,sustainability_report,/content/drive/MyDrive/ESG 팀프로젝트/2. ESG 채점 세트/보고서 3종/DB하이텍(000990)/000990_2022_sustainability.pdf
000990,DB하이텍,2023,business_report,/content/drive/MyDrive/ESG 팀프로젝트/2. ESG 채점 세트/보고서 3종/DB하이텍(000990)/000990_2023_business.pdf
000990,DB하이텍,2023,governance_report,/content/drive/MyDrive/ESG 팀프로젝트/2. ESG 채점 세트/보고서 3종/DB하이텍(000990)/000990_2023_governance.pdf
000990,DB하이텍,2023,sustainability_report,/content/drive/MyDrive/ESG 팀프로젝트/2. ESG 채점 세트/보고서 3종/DB하이텍(000990)/000990_2023_sustainability.pdf
000990,DB하이텍,2024,business_report,/content/drive/MyDrive/ESG 팀프로젝트/2. ESG 채점 세트/보고서 3종/DB하이텍(000990)/000990_2024_business.pdf
000990,DB하이텍,2024,governance_report,/content/drive/MyDrive/ESG 팀프로젝트/2. ESG 채점 세트/보고서 3종/DB하이텍(000990)/000990_2024_governance.pdf
000990,DB하이텍,2024,sustainability_report,/content/drive/MyDrive/ESG 팀프로젝트/2. ESG 채점 세트/보고서 3종/DB하이텍(000990)/000990_2024_sustainability.pdf
000990,DB하이텍,2025,business_report,/content/drive/MyDrive/ESG 팀프로젝트/2. ESG 채점 세트/보고서 3종/DB하이텍(000990)/000990_2025_business.pdf
000990,DB하이텍,2025,governance_report,/content/drive/MyDrive/ESG 팀프로젝트/2. ESG 채점 세트/보고서 3종/DB하이텍(000990)/000990_2025_governance.pdf
000990,DB하이텍,2025,sustainability_report,/content/drive/MyDrive/ESG 팀프로젝트/2. ESG 채점 세트/보고서 3종/DB하이텍(000990)/000990_2025_sustainability.pdf
007340,DN오토모티브,2022,business_report,/content/drive/MyDrive/ESG 팀프로젝트/2. ESG 채점 세트/보고서 3종/DN오토모티브(007340)/007340_2022_business.pdf
007340,DN오토모티브,2022,governance_report,/content/drive/MyDrive/ESG 팀프로젝트/2. ESG 채점 세트/보고서 3종/DN오토모티브(007340)/007340_2022_governance.pdf
007340,DN오토모티브,2023,business_report,/content/drive/MyDrive/ESG 팀프로젝트/2. ESG 채점 세트/보고서 3종/DN오토모티브(007340)/007340_2023_business.pdf
007340,DN오토모티브,2023,governance_report,/content/drive/MyDrive/ESG 팀프로젝트/2. ESG 채점 세트/보고서 3종/DN오토모티브(007340)/007340_2023_governance.pdf
007340,DN오토모티브,2024,business_report,/content/drive/MyDrive/ESG 팀프로젝트/2. ESG 채점 세트/보고서 3종/DN오토모티브(007340)/007340_2024_business.pdf
007340,DN오토모티브,2024,governance_report,/content/drive/MyDrive/ESG 팀프로젝트/2. ESG 채점 세트/보고서 3종/DN오토모티브(007340)/007340_2024_governance.pdf
007340,DN오토모티브,2025,business_report,/content/drive/MyDrive/ESG 팀프로젝트/2. ESG 채점 세트/보고서 3종/DN오토모티브(007340)/007340_2025_business.pdf
007340,DN오토모티브,2025,governance_report,/content/drive/MyDrive/ESG 팀프로젝트/2. ESG 채점 세트/보고서 3종/DN오토모티브(007340)/007340_2025_governance.pdf
322000,HD현대에너지솔루션,2022,business_report,/content/drive/MyDrive/ESG 팀프로젝트/2. ESG 채점 세트/보고서 3종/HD현대에너지솔루션(322000)/322000_2022_business.pdf
322000,HD현대에너지솔루션,2022,sustainability_report,/content/drive/MyDrive/ESG 팀프로젝트/2. ESG 채점 세트/보고서 3종/HD현대에너지솔루션(322000)/322000_2022_sustainability.pdf
322000,HD현대에너지솔루션,2023,business_report,/content/drive/MyDrive/ESG 팀프로젝트/2. ESG 채점 세트/보고서 3종/HD현대에너지솔루션(322000)/322000_2023_business.pdf
322000,HD현대에너지솔루션,2023,sustainability_report,/content/drive/MyDrive/ESG 팀프로젝트/2. ESG 채점 세트/보고서 3종/HD현대에너지솔루션(322000)/322000_2023_sustainability.pdf
322000,HD현대에너지솔루션,2024,business_report,/content/drive/MyDrive/ESG 팀프로젝트/2. ESG 채점 세트/보고서 3종/HD현대에너지솔루션(322000)/322000_2024_business.pdf
322000,HD현대에너지솔루션,2024,governance_report,/content/drive/MyDrive/ESG 팀프로젝트/2. ESG 채점 세트/보고서 3종/HD현대에너지솔루션(322000)/322000_2024_governance.pdf
322000,HD현대에너지솔루션,2024,sustainability_report,/content/drive/MyDrive/ESG 팀프로젝트/2. ESG 채점 세트/보고서 3종/HD현대에너지솔루션(322000)/322000_2024_sustainability.pdf
322000,HD현대에너지솔루션,2025,business_report,/content/drive/MyDrive/ESG 팀프로젝트/2. ESG 채점 세트/보고서 3종/HD현대에너지솔루션(322000)/322000_2025_business.pdf
322000,HD현대에너지솔루션,2025,governance_report,/content/drive/MyDrive/ESG 팀프로젝트/2. ESG 채점 세트/보고서 3종/HD현대에너지솔루션(322000)/322000_2025_governance.pdf
322000,HD현대에너지솔루션,2025,sustainability_report,/content/drive/MyDrive/ESG 팀프로젝트/2. ESG 채점 세트/보고서 3종/HD현대에너지솔루션(322000)/322000_2025_sustainability.pdf
267260,HD현대일렉트릭,2022,business_report,/content/drive/MyDrive/ESG 팀프로젝트/2. ESG 채점 세트/보고서 3종/HD현대일렉트릭(267260)/267260_2022_business.pdf
267260,HD현대일렉트릭,2022,governance_report,/content/drive/MyDrive/ESG 팀프로젝트/2. ESG 채점 세트/보고서 3종/HD현대일렉트릭(267260)/267260_2022_governance.pdf
267260,HD현대일렉트릭,2022,sustainability_report,/content/drive/MyDrive/ESG 팀프로젝트/2. ESG 채점 세트/보고서 3종/HD현대일렉트릭(267260)/267260_2022_sustainability.pdf
267260,HD현대일렉트릭,2023,business_report,/content/drive/MyDrive/ESG 팀프로젝트/2. ESG 채점 세트/보고서 3종/HD현대일렉트릭(267260)/267260_2023_business.pdf
267260,HD현대일렉트릭,2023,governance_report,/content/drive/MyDrive/ESG 팀프로젝트/2. ESG 채점 세트/보고서 3종/HD현대일렉트릭(267260)/267260_2023_governance.pdf
267260,HD현대일렉트릭,2023,sustainability_report,/content/drive/MyDrive/ESG 팀프로젝트/2. ESG 채점 세트/보고서 3종/HD현대일렉트릭(267260)/267260_2023_sustainability.pdf
267260,HD현대일렉트릭,2024,business_report,/content/drive/MyDrive/ESG 팀프로젝트/2. ESG 채점 세트/보고서 3종/HD현대일렉트릭(267260)/267260_2024_business.pdf
267260,HD현대일렉트릭,2024,governance_report,/content/drive/MyDrive/ESG 팀프로젝트/2. ESG 채점 세트/보고서 3종/HD현대일렉트릭(267260)/267260_2024_governance.pdf
267260,HD현대일렉트릭,2024,sustainability_report,/content/drive/MyDrive/ESG 팀프로젝트/2. ESG 채점 세트/보고서 3종/HD현대일렉트릭(267260)/267260_2024_sustainability.pdf
267260,HD현대일렉트릭,2025,business_report,/content/drive/MyDrive/ESG 팀프로젝트/2. ESG 채점 세트/보고서 3종/HD현대일렉트릭(267260)/267260_2025_business.pdf
267260,HD현대일렉트릭,2025,governance_report,/content/drive/MyDrive/ESG 팀프로젝트/2. ESG 채점 세트/보고서 3종/HD현대일렉트릭(267260)/267260_2025_governance.pdf
267260,HD현대일렉트릭,2025,sustainability_report,/content/drive/MyDrive/ESG 팀프로젝트/2. ESG 채점 세트/보고서 3종/HD현대일렉트릭(267260)/267260_2025_sustainability.pdf
060720,KH바텍,2023,business_report,/content/drive/MyDrive/ESG 팀프로젝트/2. ESG 채점 세트/보고서 3종/KH바텍(060720)/060720_2023_business.pdf
060720,KH바텍,2023,sustainability_report,/content/drive/MyDrive/ESG 팀프로젝트/2. ESG 채점 세트/보고서 3종/KH바텍(060720)/060720_2023_sustainability.pdf
060720,KH바텍,2024,business_report,/content/drive/MyDrive/ESG 팀프로젝트/2. ESG 채점 세트/보고서 3종/KH바텍(060720)/060720_2024_business.pdf
060720,KH바텍,2024,sustainability_report,/content/drive/MyDrive/ESG 팀프로젝트/2. ESG 채점 세트/보고서 3종/KH바텍(060720)/060720_2024_sustainability.pdf
033180,KH필룩스,2023,business_report,/content/drive/MyDrive/ESG 팀프로젝트/2. ESG 채점 세트/보고서 3종/KH필룩스(033180)/033180_2023_business.pdf
033180,KH필룩스,2023,governance_report,/content/drive/MyDrive/ESG 팀프로젝트/2. ESG 채점 세트/보고서 3종/KH필룩스(033180)/033180_2023_governance.pdf
033180,KH필룩스,2024,business_report,/content/drive/MyDrive/ESG 팀프로젝트/2. ESG 채점 세트/보고서 3종/KH필룩스(033180)/033180_2024_business.pdf
033180,KH필룩스,2024,governance_report,/content/drive/MyDrive/ESG 팀프로젝트/2. ESG 채점 세트/보고서 3종/KH필룩스(033180)/033180_2024_governance.pdf
033180,KH필룩스,2025,business_report,/content/drive/MyDrive/ESG 팀프로젝트/2. ESG 채점 세트/보고서 3종/KH필룩스(033180)/033180_2025_business.pdf
033180,KH필룩스,2025,governance_report,/content/drive/MyDrive/ESG 팀프로젝트/2. ESG 채점 세트/보고서 3종/KH필룩스(033180)/033180_2025_governance.pdf
061970,LB세미콘,2022,business_report,/content/drive/MyDrive/ESG 팀프로젝트/2. ESG 채점 세트/보고서 3종/LB세미콘(061970)/061970_2022_business.pdf
061970,LB세미콘,2022,sustainability_report,/content/drive/MyDrive/ESG 팀프로젝트/2. ESG 채점 세트/보고서 3종/LB세미콘(061970)/061970_2022_sustainability.pdf
061970,LB세미콘,2023,business_report,/content/drive/MyDrive/ESG 팀프로젝트/2. ESG 채점 세트/보고서 3종/LB세미콘(061970)/061970_2023_business.pdf
061970,LB세미콘,2023,sustainability_report,/content/drive/MyDrive/ESG 팀프로젝트/2. ESG 채점 세트/보고서 3종/LB세미콘(061970)/061970_2023_sustainability.pdf
061970,LB세미콘,2024,business_report,/content/drive/MyDrive/ESG 팀프로젝트/2. ESG 채점 세트/보고서 3종/LB세미콘(061970)/061970_2024_business.pdf
061970,LB세미콘,2024,sustainability_report,/content/drive/MyDrive/ESG 팀프로젝트/2. ESG 채점 세트/보고서 3종/LB세미콘(061970)/061970_2024_sustainability.pdf
034220,LG디스플레이,2022,business_report,/content/drive/MyDrive/ESG 팀프로젝트/2. ESG 채점 세트/보고서 3종/LG디스플레이(034220)/034220_2022_business.pdf
034220,LG디스플레이,2022,governance_report,/content/drive/MyDrive/ESG 팀프로젝트/2. ESG 채점 세트/보고서 3종/LG디스플레이(034220)/034220_2022_governance.pdf
034220,LG디스플레이,2022,sustainability_report,/content/drive/MyDrive/ESG 팀프로젝트/2. ESG 채점 세트/보고서 3종/LG디스플레이(034220)/034220_2022_sustainability.pdf
034220,LG디스플레이,2023,business_report,/content/drive/MyDrive/ESG 팀프로젝트/2. ESG 채점 세트/보고서 3종/LG디스플레이(034220)/034220_2023_business.pdf
034220,LG디스플레이,2023,governance_report,/content/drive/MyDrive/ESG 팀프로젝트/2. ESG 채점 세트/보고서 3종/LG디스플레이(034220)/034220_2023_governance.pdf
034220,LG디스플레이,2023,sustainability_report,/content/drive/MyDrive/ESG 팀프로젝트/2. ESG 채점 세트/보고서 3종/LG디스플레이(034220)/034220_2023_sustainability.pdf
034220,LG디스플레이,2024,business_report,/content/drive/MyDrive/ESG 팀프로젝트/2. ESG 채점 세트/보고서 3종/LG디스플레이(034220)/034220_2024_business.pdf
034220,LG디스플레이,2024,governance_report,/content/drive/MyDrive/ESG 팀프로젝트/2. ESG 채점 세트/보고서 3종/LG디스플레이(034220)/034220_2024_governance.pdf
034220,LG디스플레이,2024,sustainability_report,/content/drive/MyDrive/ESG 팀프로젝트/2. ESG 채점 세트/보고서 3종/LG디스플레이(034220)/034220_2024_sustainability.pdf
034220,LG디스플레이,2025,business_report,/content/drive/MyDrive/ESG 팀프로젝트/2. ESG 채점 세트/보고서 3종/LG디스플레이(034220)/034220_2025_business.pdf
034220,LG디스플레이,2025,governance_report,/content/drive/MyDrive/ESG 팀프로젝트/2. ESG 채점 세트/보고서 3종/LG디스플레이(034220)/034220_2025_governance.pdf
034220,LG디스플레이,2025,sustainability_report,/content/drive/MyDrive/ESG 팀프로젝트/2. ESG 채점 세트/보고서 3종/LG디스플레이(034220)/034220_2025_sustainability.pdf
373220,LG에너지솔루션,2024,business_report,/content/drive/MyDrive/ESG 팀프로젝트/2. ESG 채점 세트/보고서 3종/LG에너지솔루션(373220)/373220_2024_business.pdf
373220,LG에너지솔루션,2024,governance_report,/content/drive/MyDrive/ESG 팀프로젝트/2. ESG 채점 세트/보고서 3종/LG에너지솔루션(373220)/373220_2024_governance.pdf
373220,LG에너지솔루션,2024,sustainability_report,/content/drive/MyDrive/ESG 팀프로젝트/2. ESG 채점 세트/보고서 3종/LG에너지솔루션(373220)/373220_2024_sustainability.pdf
373220,LG에너지솔루션,2025,business_report,/content/drive/MyDrive/ESG 팀프로젝트/2. ESG 채점 세트/보고서 3종/LG에너지솔루션(373220)/373220_2025_business.pdf
373220,LG에너지솔루션,2025,governance_report,/content/drive/MyDrive/ESG 팀프로젝트/2. ESG 채점 세트/보고서 3종/LG에너지솔루션(373220)/373220_2025_governance.pdf
373220,LG에너지솔루션,2025,sustainability_report,/content/drive/MyDrive/ESG 팀프로젝트/2. ESG 채점 세트/보고서 3종/LG에너지솔루션(373220)/373220_2025_sustainability.pdf
011070,LG이노텍,2022,business_report,/content/drive/MyDrive/ESG 팀프로젝트/2. ESG 채점 세트/보고서 3종/LG이노텍(011070)/011070_2022_business.pdf
011070,LG이노텍,2022,sustainability_report,/content/drive/MyDrive/ESG 팀프로젝트/2. ESG 채점 세트/보고서 3종/LG이노텍(011070)/011070_2022_sustainability.pdf
011070,LG이노텍,2023,business_report,/content/drive/MyDrive/ESG 팀프로젝트/2. ESG 채점 세트/보고서 3종/LG이노텍(011070)/011070_2023_business.pdf
011070,LG이노텍,2023,sustainability_report,/content/drive/MyDrive/ESG 팀프로젝트/2. ESG 채점 세트/보고서 3종/LG이노텍(011070)/011070_2023_sustainability.pdf
011070,LG이노텍,2024,business_report,/content/drive/MyDrive/ESG 팀프로젝트/2. ESG 채점 세트/보고서 3종/LG이노텍(011070)/011070_2024_business.pdf
011070,LG이노텍,2024,governance_report,/content/drive/MyDrive/ESG 팀프로젝트/2. ESG 채점 세트/보고서 3종/LG이노텍(011070)/011070_2024_governance.pdf
011070,LG이노텍,2024,sustainability_report,/content/drive/MyDrive/ESG 팀프로젝트/2. ESG 채점 세트/보고서 3종/LG이노텍(011070)/011070_2024_sustainability.pdf
011070,LG이노텍,2025,business_report,/content/drive/MyDrive/ESG 팀프로젝트/2. ESG 채점 세트/보고서 3종/LG이노텍(011070)/011070_2025_business.pdf
011070,LG이노텍,2025,governance_report,/content/drive/MyDrive/ESG 팀프로젝트/2. ESG 채점 세트/보고서 3종/LG이노텍(011070)/011070_2025_governance.pdf
011070,LG이노텍,2025,sustainability_report,/content/drive/MyDrive/ESG 팀프로젝트/2. ESG 채점 세트/보고서 3종/LG이노텍(011070)/011070_2025_sustainability.pdf
066570,LG전자,2022,business_report,/content/drive/MyDrive/ESG 팀프로젝트/2. ESG 채점 세트/보고서 3종/LG전자(066570)/066570_2022_business.pdf
066570,LG전자,2022,governance_report,/content/drive/MyDrive/ESG 팀프로젝트/2. ESG 채점 세트/보고서 3종/LG전자(066570)/066570_2022_governance.pdf
066570,LG전자,2022,sustainability_report,/content/drive/MyDrive/ESG 팀프로젝트/2. ESG 채점 세트/보고서 3종/LG전자(066570)/066570_2022_sustainability.pdf
066570,LG전자,2023,business_report,/content/drive/MyDrive/ESG 팀프로젝트/2. ESG 채점 세트/보고서 3종/LG전자(066570)/066570_2023_business.pdf
066570,LG전자,2023,governance_report,/content/drive/MyDrive/ESG 팀프로젝트/2. ESG 채점 세트/보고서 3종/LG전자(066570)/066570_2023_governance.pdf
066570,LG전자,2023,sustainability_report,/content/drive/MyDrive/ESG 팀프로젝트/2. ESG 채점 세트/보고서 3종/LG전자(066570)/066570_2023_sustainability.pdf
066570,LG전자,2024,business_report,/content/drive/MyDrive/ESG 팀프로젝트/2. ESG 채점 세트/보고서 3종/LG전자(066570)/066570_2024_business.pdf
066570,LG전자,2024,governance_report,/content/drive/MyDrive/ESG 팀프로젝트/2. ESG 채점 세트/보고서 3종/LG전자(066570)/066570_2024_governance.pdf
066570,LG전자,2024,sustainability_report,/content/drive/MyDrive/ESG 팀프로젝트/2. ESG 채점 세트/보고서 3종/LG전자(066570)/066570_2024_sustainability.pdf
066570,LG전자,2025,business_report,/content/drive/MyDrive/ESG 팀프로젝트/2. ESG 채점 세트/보고서 3종/LG전자(066570)/066570_2025_business.pdf
066570,LG전자,2025,governance_report,/content/drive/MyDrive/ESG 팀프로젝트/2. ESG 채점 세트/보고서 3종/LG전자(066570)/066570_2025_governance.pdf
066570,LG전자,2025,sustainability_report,/content/drive/MyDrive/ESG 팀프로젝트/2. ESG 채점 세트/보고서 3종/LG전자(066570)/066570_2025_sustainability.pdf
108320,LX세미콘,2022,business_report,/content/drive/MyDrive/ESG 팀프로젝트/2. ESG 채점 세트/보고서 3종/LX세미콘(108320)/108320_2022_business.pdf
108320,LX세미콘,2022,sustainability_report,/content/drive/MyDrive/ESG 팀프로젝트/2. ESG 채점 세트/보고서 3종/LX세미콘(108320)/108320_2022_sustainability.pdf
108320,LX세미콘,2023,business_report,/content/drive/MyDrive/ESG 팀프로젝트/2. ESG 채점 세트/보고서 3종/LX세미콘(108320)/108320_2023_business.pdf
108320,LX세미콘,2023,governance_report,/content/drive/MyDrive/ESG 팀프로젝트/2. ESG 채점 세트/보고서 3종/LX세미콘(108320)/108320_2023_governance.pdf
108320,LX세미콘,2023,sustainability_report,/content/drive/MyDrive/ESG 팀프로젝트/2. ESG 채점 세트/보고서 3종/LX세미콘(108320)/108320_2023_sustainability.pdf
108320,LX세미콘,2024,business_report,/content/drive/MyDrive/ESG 팀프로젝트/2. ESG 채점 세트/보고서 3종/LX세미콘(108320)/108320_2024_business.pdf
108320,LX세미콘,2024,governance_report,/content/drive/MyDrive/ESG 팀프로젝트/2. ESG 채점 세트/보고서 3종/LX세미콘(108320)/108320_2024_governance.pdf
108320,LX세미콘,2024,sustainability_report,/content/drive/MyDrive/ESG 팀프로젝트/2. ESG 채점 세트/보고서 3종/LX세미콘(108320)/108320_2024_sustainability.pdf
108320,LX세미콘,2025,business_report,/content/drive/MyDrive/ESG 팀프로젝트/2. ESG 채점 세트/보고서 3종/LX세미콘(108320)/108320_2025_business.pdf
108320,LX세미콘,2025,governance_report,/content/drive/MyDrive/ESG 팀프로젝트/2. ESG 채점 세트/보고서 3종/LX세미콘(108320)/108320_2025_governance.pdf
108320,LX세미콘,2025,sustainability_report,/content/drive/MyDrive/ESG 팀프로젝트/2. ESG 채점 세트/보고서 3종/LX세미콘(108320)/108320_2025_sustainability.pdf
361610,SK아이이테크놀로지,2023,business_report,/content/drive/MyDrive/ESG 팀프로젝트/2. ESG 채점 세트/보고서 3종/SK아이이테크놀로지(361610)/361610_2023_business.pdf
361610,SK아이이테크놀로지,2023,governance_report,/content/drive/MyDrive/ESG 팀프로젝트/2. ESG 채점 세트/보고서 3종/SK아이이테크놀로지(361610)/361610_2023_governance.pdf
361610,SK아이이테크놀로지,2023,sustainability_report,/content/drive/MyDrive/ESG 팀프로젝트/2. ESG 채점 세트/보고서 3종/SK아이이테크놀로지(361610)/361610_2023_sustainability.pdf
361610,SK아이이테크놀로지,2024,business_report,/content/drive/MyDrive/ESG 팀프로젝트/2. ESG 채점 세트/보고서 3종/SK아이이테크놀로지(361610)/361610_2024_business.pdf
361610,SK아이이테크놀로지,2024,governance_report,/content/drive/MyDrive/ESG 팀프로젝트/2. ESG 채점 세트/보고서 3종/SK아이이테크놀로지(361610)/361610_2024_governance.pdf
361610,SK아이이테크놀로지,2024,sustainability_report,/content/drive/MyDrive/ESG 팀프로젝트/2. ESG 채점 세트/보고서 3종/SK아이이테크놀로지(361610)/361610_2024_sustainability.pdf
361610,SK아이이테크놀로지,2025,business_report,/content/drive/MyDrive/ESG 팀프로젝트/2. ESG 채점 세트/보고서 3종/SK아이이테크놀로지(361610)/361610_2025_business.pdf
361610,SK아이이테크놀로지,2025,governance_report,/content/drive/MyDrive/ESG 팀프로젝트/2. ESG 채점 세트/보고서 3종/SK아이이테크놀로지(361610)/361610_2025_governance.pdf
361610,SK아이이테크놀로지,2025,sustainability_report,/content/drive/MyDrive/ESG 팀프로젝트/2. ESG 채점 세트/보고서 3종/SK아이이테크놀로지(361610)/361610_2025_sustainability.pdf
000660,SK하이닉스,2022,business_report,/content/drive/MyDrive/ESG 팀프로젝트/2. ESG 채점 세트/보고서 3종/SK하이닉스(000660)/000660_2022_business.pdf
000660,SK하이닉스,2022,governance_report,/content/drive/MyDrive/ESG 팀프로젝트/2. ESG 채점 세트/보고서 3종/SK하이닉스(000660)/000660_2022_governance.pdf
000660,SK하이닉스,2022,sustainability_report,/content/drive/MyDrive/ESG 팀프로젝트/2. ESG 채점 세트/보고서 3종/SK하이닉스(000660)/000660_2022_sustainability.pdf
000660,SK하이닉스,2023,business_report,/content/drive/MyDrive/ESG 팀프로젝트/2. ESG 채점 세트/보고서 3종/SK하이닉스(000660)/000660_2023_business.pdf
000660,SK하이닉스,2023,governance_report,/content/drive/MyDrive/ESG 팀프로젝트/2. ESG 채점 세트/보고서 3종/SK하이닉스(000660)/000660_2023_governance.pdf
000660,SK하이닉스,2023,sustainability_report,/content/drive/MyDrive/ESG 팀프로젝트/2. ESG 채점 세트/보고서 3종/SK하이닉스(000660)/000660_2023_sustainability.pdf
000660,SK하이닉스,2024,business_report,/content/drive/MyDrive/ESG 팀프로젝트/2. ESG 채점 세트/보고서 3종/SK하이닉스(000660)/000660_2024_business.pdf
000660,SK하이닉스,2024,governance_report,/content/drive/MyDrive/ESG 팀프로젝트/2. ESG 채점 세트/보고서 3종/SK하이닉스(000660)/000660_2024_governance.pdf
000660,SK하이닉스,2024,sustainability_report,/content/drive/MyDrive/ESG 팀프로젝트/2. ESG 채점 세트/보고서 3종/SK하이닉스(000660)/000660_2024_sustainability.pdf
000660,SK하이닉스,2025,business_report,/content/drive/MyDrive/ESG 팀프로젝트/2. ESG 채점 세트/보고서 3종/SK하이닉스(000660)/000660_2025_business.pdf
000660,SK하이닉스,2025,governance_report,/content/drive/MyDrive/ESG 팀프로젝트/2. ESG 채점 세트/보고서 3종/SK하이닉스(000660)/000660_2025_governance.pdf
000660,SK하이닉스,2025,sustainability_report,/content/drive/MyDrive/ESG 팀프로젝트/2. ESG 채점 세트/보고서 3종/SK하이닉스(000660)/000660_2025_sustainability.pdf
000500,가온전선,2022,business_report,/content/drive/MyDrive/ESG 팀프로젝트/2. ESG 채점 세트/보고서 3종/가온전선(000500)/000500_2022_business.pdf
000500,가온전선,2022,sustainability_report,/content/drive/MyDrive/ESG 팀프로젝트/2. ESG 채점 세트/보고서 3종/가온전선(000500)/000500_2022_sustainability.pdf
000500,가온전선,2023,business_report,/content/drive/MyDrive/ESG 팀프로젝트/2. ESG 채점 세트/보고서 3종/가온전선(000500)/000500_2023_business.pdf
000500,가온전선,2023,sustainability_report,/content/drive/MyDrive/ESG 팀프로젝트/2. ESG 채점 세트/보고서 3종/가온전선(000500)/000500_2023_sustainability.pdf
000500,가온전선,2024,business_report,/content/drive/MyDrive/ESG 팀프로젝트/2. ESG 채점 세트/보고서 3종/가온전선(000500)/000500_2024_business.pdf
000500,가온전선,2024,governance_report,/content/drive/MyDrive/ESG 팀프로젝트/2. ESG 채점 세트/보고서 3종/가온전선(000500)/000500_2024_governance.pdf
000500,가온전선,2024,sustainability_report,/content/drive/MyDrive/ESG 팀프로젝트/2. ESG 채점 세트/보고서 3종/가온전선(000500)/000500_2024_sustainability.pdf
000500,가온전선,2025,business_report,/content/drive/MyDrive/ESG 팀프로젝트/2. ESG 채점 세트/보고서 3종/가온전선(000500)/000500_2025_business.pdf
000500,가온전선,2025,governance_report,/content/drive/MyDrive/ESG 팀프로젝트/2. ESG 채점 세트/보고서 3종/가온전선(000500)/000500_2025_governance.pdf
000500,가온전선,2025,sustainability_report,/content/drive/MyDrive/ESG 팀프로젝트/2. ESG 채점 세트/보고서 3종/가온전선(000500)/000500_2025_sustainability.pdf
009450,경동나비엔,2023,business_report,/content/drive/MyDrive/ESG 팀프로젝트/2. ESG 채점 세트/보고서 3종/경동나비엔(009450)/009450_2023_business.pdf
009450,경동나비엔,2023,governance_report,/content/drive/MyDrive/ESG 팀프로젝트/2. ESG 채점 세트/보고서 3종/경동나비엔(009450)/009450_2023_governance.pdf
009450,경동나비엔,2023,sustainability_report,/content/drive/MyDrive/ESG 팀프로젝트/2. ESG 채점 세트/보고서 3종/경동나비엔(009450)/009450_2023_sustainability.pdf
009450,경동나비엔,2024,business_report,/content/drive/MyDrive/ESG 팀프로젝트/2. ESG 채점 세트/보고서 3종/경동나비엔(009450)/009450_2024_business.pdf
009450,경동나비엔,2024,governance_report,/content/drive/MyDrive/ESG 팀프로젝트/2. ESG 채점 세트/보고서 3종/경동나비엔(009450)/009450_2024_governance.pdf
009450,경동나비엔,2024,sustainability_report,/content/drive/MyDrive/ESG 팀프로젝트/2. ESG 채점 세트/보고서 3종/경동나비엔(009450)/009450_2024_sustainability.pdf
009450,경동나비엔,2025,business_report,/content/drive/MyDrive/ESG 팀프로젝트/2. ESG 채점 세트/보고서 3종/경동나비엔(009450)/009450_2025_business.pdf
009450,경동나비엔,2025,governance_report,/content/drive/MyDrive/ESG 팀프로젝트/2. ESG 채점 세트/보고서 3종/경동나비엔(009450)/009450_2025_governance.pdf
009450,경동나비엔,2025,sustainability_report,/content/drive/MyDrive/ESG 팀프로젝트/2. ESG 채점 세트/보고서 3종/경동나비엔(009450)/009450_2025_sustainability.pdf
017040,광명전기,2022,business_report,/content/drive/MyDrive/ESG 팀프로젝트/2. ESG 채점 세트/보고서 3종/광명전기(017040)/017040_2022_business.pdf
017040,광명전기,2023,business_report,/content/drive/MyDrive/ESG 팀프로젝트/2. ESG 채점 세트/보고서 3종/광명전기(017040)/017040_2023_business.pdf
017040,광명전기,2023,sustainability_report,/content/drive/MyDrive/ESG 팀프로젝트/2. ESG 채점 세트/보고서 3종/광명전기(017040)/017040_2023_sustainability.pdf
017040,광명전기,2024,business_report,/content/drive/MyDrive/ESG 팀프로젝트/2. ESG 채점 세트/보고서 3종/광명전기(017040)/017040_2024_business.pdf
017040,광명전기,2024,sustainability_report,/content/drive/MyDrive/ESG 팀프로젝트/2. ESG 채점 세트/보고서 3종/광명전기(017040)/017040_2024_sustainability.pdf
017040,광명전기,2025,business_report,/content/drive/MyDrive/ESG 팀프로젝트/2. ESG 채점 세트/보고서 3종/광명전기(017040)/017040_2025_business.pdf
017040,광명전기,2025,sustainability_report,/content/drive/MyDrive/ESG 팀프로젝트/2. ESG 채점 세트/보고서 3종/광명전기(017040)/017040_2025_sustainability.pdf
033640,네패스,2023,business_report,/content/drive/MyDrive/ESG 팀프로젝트/2. ESG 채점 세트/보고서 3종/네패스(033640)/033640_2023_business.pdf
033640,네패스,2023,sustainability_report,/content/drive/MyDrive/ESG 팀프로젝트/2. ESG 채점 세트/보고서 3종/네패스(033640)/033640_2023_sustainability.pdf
033640,네패스,2024,business_report,/content/drive/MyDrive/ESG 팀프로젝트/2. ESG 채점 세트/보고서 3종/네패스(033640)/033640_2024_business.pdf
033640,네패스,2025,business_report,/content/drive/MyDrive/ESG 팀프로젝트/2. ESG 채점 세트/보고서 3종/네패스(033640)/033640_2025_business.pdf
033640,네패스,2025,sustainability_report,/content/drive/MyDrive/ESG 팀프로젝트/2. ESG 채점 세트/보고서 3종/네패스(033640)/033640_2025_sustainability.pdf
353200,대덕전자,2022,business_report,/content/drive/MyDrive/ESG 팀프로젝트/2. ESG 채점 세트/보고서 3종/대덕전자(353200)/353200_2022_business.pdf
353200,대덕전자,2023,business_report,/content/drive/MyDrive/ESG 팀프로젝트/2. ESG 채점 세트/보고서 3종/대덕전자(353200)/353200_2023_business.pdf
353200,대덕전자,2023,governance_report,/content/drive/MyDrive/ESG 팀프로젝트/2. ESG 채점 세트/보고서 3종/대덕전자(353200)/353200_2023_governance.pdf
353200,대덕전자,2024,business_report,/content/drive/MyDrive/ESG 팀프로젝트/2. ESG 채점 세트/보고서 3종/대덕전자(353200)/353200_2024_business.pdf
353200,대덕전자,2024,governance_report,/content/drive/MyDrive/ESG 팀프로젝트/2. ESG 채점 세트/보고서 3종/대덕전자(353200)/353200_2024_governance.pdf
353200,대덕전자,2025,business_report,/content/drive/MyDrive/ESG 팀프로젝트/2. ESG 채점 세트/보고서 3종/대덕전자(353200)/353200_2025_business.pdf
353200,대덕전자,2025,governance_report,/content/drive/MyDrive/ESG 팀프로젝트/2. ESG 채점 세트/보고서 3종/대덕전자(353200)/353200_2025_governance.pdf
078600,대주전자재료,2024,business_report,/content/drive/MyDrive/ESG 팀프로젝트/2. ESG 채점 세트/보고서 3종/대주전자재료(078600)/078600_2024_business.pdf
078600,대주전자재료,2024,sustainability_report,/content/drive/MyDrive/ESG 팀프로젝트/2. ESG 채점 세트/보고서 3종/대주전자재료(078600)/078600_2024_sustainability.pdf
078600,대주전자재료,2025,business_report,/content/drive/MyDrive/ESG 팀프로젝트/2. ESG 채점 세트/보고서 3종/대주전자재료(078600)/078600_2025_business.pdf
078600,대주전자재료,2025,sustainability_report,/content/drive/MyDrive/ESG 팀프로젝트/2. ESG 채점 세트/보고서 3종/대주전자재료(078600)/078600_2025_sustainability.pdf
001440,대한전선,2022,business_report,/content/drive/MyDrive/ESG 팀프로젝트/2. ESG 채점 세트/보고서 3종/대한전선(001440)/001440_2022_business.pdf
001440,대한전선,2022,governance_report,/content/drive/MyDrive/ESG 팀프로젝트/2. ESG 채점 세트/보고서 3종/대한전선(001440)/001440_2022_governance.pdf
001440,대한전선,2022,sustainability_report,/content/drive/MyDrive/ESG 팀프로젝트/2. ESG 채점 세트/보고서 3종/대한전선(001440)/001440_2022_sustainability.pdf
001440,대한전선,2023,business_report,/content/drive/MyDrive/ESG 팀프로젝트/2. ESG 채점 세트/보고서 3종/대한전선(001440)/001440_2023_business.pdf
001440,대한전선,2023,governance_report,/content/drive/MyDrive/ESG 팀프로젝트/2. ESG 채점 세트/보고서 3종/대한전선(001440)/001440_2023_governance.pdf
001440,대한전선,2023,sustainability_report,/content/drive/MyDrive/ESG 팀프로젝트/2. ESG 채점 세트/보고서 3종/대한전선(001440)/001440_2023_sustainability.pdf
001440,대한전선,2024,business_report,/content/drive/MyDrive/ESG 팀프로젝트/2. ESG 채점 세트/보고서 3종/대한전선(001440)/001440_2024_business.pdf
001440,대한전선,2024,governance_report,/content/drive/MyDrive/ESG 팀프로젝트/2. ESG 채점 세트/보고서 3종/대한전선(001440)/001440_2024_governance.pdf
001440,대한전선,2024,sustainability_report,/content/drive/MyDrive/ESG 팀프로젝트/2. ESG 채점 세트/보고서 3종/대한전선(001440)/001440_2024_sustainability.pdf
001440,대한전선,2025,business_report,/content/drive/MyDrive/ESG 팀프로젝트/2. ESG 채점 세트/보고서 3종/대한전선(001440)/001440_2025_business.pdf
001440,대한전선,2025,governance_report,/content/drive/MyDrive/ESG 팀프로젝트/2. ESG 채점 세트/보고서 3종/대한전선(001440)/001440_2025_governance.pdf
001440,대한전선,2025,sustainability_report,/content/drive/MyDrive/ESG 팀프로젝트/2. ESG 채점 세트/보고서 3종/대한전선(001440)/001440_2025_sustainability.pdf
393890,더블유씨피,2024,business_report,/content/drive/MyDrive/ESG 팀프로젝트/2. ESG 채점 세트/보고서 3종/더블유씨피(393890)/393890_2024_business.pdf
393890,더블유씨피,2025,sustainability_report,/content/drive/MyDrive/ESG 팀프로젝트/2. ESG 채점 세트/보고서 3종/더블유씨피(393890)/393890_2025_sustainability.pdf
213420,덕산네오룩스,2022,business_report,/content/drive/MyDrive/ESG 팀프로젝트/2. ESG 채점 세트/보고서 3종/덕산네오룩스(213420)/213420_2022_business.pdf
213420,덕산네오룩스,2022,sustainability_report,/content/drive/MyDrive/ESG 팀프로젝트/2. ESG 채점 세트/보고서 3종/덕산네오룩스(213420)/213420_2022_sustainability.pdf
213420,덕산네오룩스,2023,business_report,/content/drive/MyDrive/ESG 팀프로젝트/2. ESG 채점 세트/보고서 3종/덕산네오룩스(213420)/213420_2023_business.pdf
213420,덕산네오룩스,2023,sustainability_report,/content/drive/MyDrive/ESG 팀프로젝트/2. ESG 채점 세트/보고서 3종/덕산네오룩스(213420)/213420_2023_sustainability.pdf
213420,덕산네오룩스,2024,business_report,/content/drive/MyDrive/ESG 팀프로젝트/2. ESG 채점 세트/보고서 3종/덕산네오룩스(213420)/213420_2024_business.pdf
213420,덕산네오룩스,2024,sustainability_report,/content/drive/MyDrive/ESG 팀프로젝트/2. ESG 채점 세트/보고서 3종/덕산네오룩스(213420)/213420_2024_sustainability.pdf
213420,덕산네오룩스,2025,business_report,/content/drive/MyDrive/ESG 팀프로젝트/2. ESG 채점 세트/보고서 3종/덕산네오룩스(213420)/213420_2025_business.pdf
213420,덕산네오룩스,2025,sustainability_report,/content/drive/MyDrive/ESG 팀프로젝트/2. ESG 채점 세트/보고서 3종/덕산네오룩스(213420)/213420_2025_sustainability.pdf
336260,두산퓨얼셀,2022,business_report,/content/drive/MyDrive/ESG 팀프로젝트/2. ESG 채점 세트/보고서 3종/두산퓨얼셀(336260)/336260_2022_business.pdf
336260,두산퓨얼셀,2022,sustainability_report,/content/drive/MyDrive/ESG 팀프로젝트/2. ESG 채점 세트/보고서 3종/두산퓨얼셀(336260)/336260_2022_sustainability.pdf
336260,두산퓨얼셀,2023,business_report,/content/drive/MyDrive/ESG 팀프로젝트/2. ESG 채점 세트/보고서 3종/두산퓨얼셀(336260)/336260_2023_business.pdf
336260,두산퓨얼셀,2023,governance_report,/content/drive/MyDrive/ESG 팀프로젝트/2. ESG 채점 세트/보고서 3종/두산퓨얼셀(336260)/336260_2023_governance.pdf
336260,두산퓨얼셀,2023,sustainability_report,/content/drive/MyDrive/ESG 팀프로젝트/2. ESG 채점 세트/보고서 3종/두산퓨얼셀(336260)/336260_2023_sustainability.pdf
336260,두산퓨얼셀,2024,business_report,/content/drive/MyDrive/ESG 팀프로젝트/2. ESG 채점 세트/보고서 3종/두산퓨얼셀(336260)/336260_2024_business.pdf
336260,두산퓨얼셀,2024,governance_report,/content/drive/MyDrive/ESG 팀프로젝트/2. ESG 채점 세트/보고서 3종/두산퓨얼셀(336260)/336260_2024_governance.pdf
336260,두산퓨얼셀,2024,sustainability_report,/content/drive/MyDrive/ESG 팀프로젝트/2. ESG 채점 세트/보고서 3종/두산퓨얼셀(336260)/336260_2024_sustainability.pdf
336260,두산퓨얼셀,2025,business_report,/content/drive/MyDrive/ESG 팀프로젝트/2. ESG 채점 세트/보고서 3종/두산퓨얼셀(336260)/336260_2025_business.pdf
336260,두산퓨얼셀,2025,governance_report,/content/drive/MyDrive/ESG 팀프로젝트/2. ESG 채점 세트/보고서 3종/두산퓨얼셀(336260)/336260_2025_governance.pdf
336260,두산퓨얼셀,2025,sustainability_report,/content/drive/MyDrive/ESG 팀프로젝트/2. ESG 채점 세트/보고서 3종/두산퓨얼셀(336260)/336260_2025_sustainability.pdf
192650,드림텍,2024,business_report,/content/drive/MyDrive/ESG 팀프로젝트/2. ESG 채점 세트/보고서 3종/드림텍(192650)/192650_2024_business.pdf
192650,드림텍,2024,governance_report,/content/drive/MyDrive/ESG 팀프로젝트/2. ESG 채점 세트/보고서 3종/드림텍(192650)/192650_2024_governance.pdf
192650,드림텍,2025,business_report,/content/drive/MyDrive/ESG 팀프로젝트/2. ESG 채점 세트/보고서 3종/드림텍(192650)/192650_2025_business.pdf
192650,드림텍,2025,governance_report,/content/drive/MyDrive/ESG 팀프로젝트/2. ESG 채점 세트/보고서 3종/드림텍(192650)/192650_2025_governance.pdf
192650,드림텍,2025,sustainability_report,/content/drive/MyDrive/ESG 팀프로젝트/2. ESG 채점 세트/보고서 3종/드림텍(192650)/192650_2025_sustainability.pdf
020150,롯데에너지머티리얼즈,2022,business_report,/content/drive/MyDrive/ESG 팀프로젝트/2. ESG 채점 세트/보고서 3종/롯데에너지머티리얼즈(020150)/020150_2022_business.pdf
020150,롯데에너지머티리얼즈,2022,governance_report,/content/drive/MyDrive/ESG 팀프로젝트/2. ESG 채점 세트/보고서 3종/롯데에너지머티리얼즈(020150)/020150_2022_governance.pdf
020150,롯데에너지머티리얼즈,2023,business_report,/content/drive/MyDrive/ESG 팀프로젝트/2. ESG 채점 세트/보고서 3종/롯데에너지머티리얼즈(020150)/020150_2023_business.pdf
020150,롯데에너지머티리얼즈,2023,governance_report,/content/drive/MyDrive/ESG 팀프로젝트/2. ESG 채점 세트/보고서 3종/롯데에너지머티리얼즈(020150)/020150_2023_governance.pdf
020150,롯데에너지머티리얼즈,2024,business_report,/content/drive/MyDrive/ESG 팀프로젝트/2. ESG 채점 세트/보고서 3종/롯데에너지머티리얼즈(020150)/020150_2024_business.pdf
020150,롯데에너지머티리얼즈,2024,governance_report,/content/drive/MyDrive/ESG 팀프로젝트/2. ESG 채점 세트/보고서 3종/롯데에너지머티리얼즈(020150)/020150_2024_governance.pdf
020150,롯데에너지머티리얼즈,2024,sustainability_report,/content/drive/MyDrive/ESG 팀프로젝트/2. ESG 채점 세트/보고서 3종/롯데에너지머티리얼즈(020150)/020150_2024_sustainability.pdf
020150,롯데에너지머티리얼즈,2025,business_report,/content/drive/MyDrive/ESG 팀프로젝트/2. ESG 채점 세트/보고서 3종/롯데에너지머티리얼즈(020150)/020150_2025_business.pdf
020150,롯데에너지머티리얼즈,2025,governance_report,/content/drive/MyDrive/ESG 팀프로젝트/2. ESG 채점 세트/보고서 3종/롯데에너지머티리얼즈(020150)/020150_2025_governance.pdf
020150,롯데에너지머티리얼즈,2025,sustainability_report,/content/drive/MyDrive/ESG 팀프로젝트/2. ESG 채점 세트/보고서 3종/롯데에너지머티리얼즈(020150)/020150_2025_sustainability.pdf
090460,비에이치,2024,business_report,/content/drive/MyDrive/ESG 팀프로젝트/2. ESG 채점 세트/보고서 3종/비에이치(090460)/090460_2024_business.pdf
090460,비에이치,2024,governance_report,/content/drive/MyDrive/ESG 팀프로젝트/2. ESG 채점 세트/보고서 3종/비에이치(090460)/090460_2024_governance.pdf
090460,비에이치,2024,sustainability_report,/content/drive/MyDrive/ESG 팀프로젝트/2. ESG 채점 세트/보고서 3종/비에이치(090460)/090460_2024_sustainability.pdf
090460,비에이치,2025,business_report,/content/drive/MyDrive/ESG 팀프로젝트/2. ESG 채점 세트/보고서 3종/비에이치(090460)/090460_2025_business.pdf
090460,비에이치,2025,governance_report,/content/drive/MyDrive/ESG 팀프로젝트/2. ESG 채점 세트/보고서 3종/비에이치(090460)/090460_2025_governance.pdf
090460,비에이치,2025,sustainability_report,/content/drive/MyDrive/ESG 팀프로젝트/2. ESG 채점 세트/보고서 3종/비에이치(090460)/090460_2025_sustainability.pdf
006400,삼성SDI,2022,business_report,/content/drive/MyDrive/ESG 팀프로젝트/2. ESG 채점 세트/보고서 3종/삼성SDI(006400)/006400_2022_business.pdf
006400,삼성SDI,2022,governance_report,/content/drive/MyDrive/ESG 팀프로젝트/2. ESG 채점 세트/보고서 3종/삼성SDI(006400)/006400_2022_governance.pdf
006400,삼성SDI,2022,sustainability_report,/content/drive/MyDrive/ESG 팀프로젝트/2. ESG 채점 세트/보고서 3종/삼성SDI(006400)/006400_2022_sustainability.pdf
006400,삼성SDI,2023,business_report,/content/drive/MyDrive/ESG 팀프로젝트/2. ESG 채점 세트/보고서 3종/삼성SDI(006400)/006400_2023_business.pdf
006400,삼성SDI,2023,governance_report,/content/drive/MyDrive/ESG 팀프로젝트/2. ESG 채점 세트/보고서 3종/삼성SDI(006400)/006400_2023_governance.pdf
006400,삼성SDI,2023,sustainability_report,/content/drive/MyDrive/ESG 팀프로젝트/2. ESG 채점 세트/보고서 3종/삼성SDI(006400)/006400_2023_sustainability.pdf
006400,삼성SDI,2024,business_report,/content/drive/MyDrive/ESG 팀프로젝트/2. ESG 채점 세트/보고서 3종/삼성SDI(006400)/006400_2024_business.pdf
006400,삼성SDI,2024,governance_report,/content/drive/MyDrive/ESG 팀프로젝트/2. ESG 채점 세트/보고서 3종/삼성SDI(006400)/006400_2024_governance.pdf
006400,삼성SDI,2024,sustainability_report,/content/drive/MyDrive/ESG 팀프로젝트/2. ESG 채점 세트/보고서 3종/삼성SDI(006400)/006400_2024_sustainability.pdf
006400,삼성SDI,2025,business_report,/content/drive/MyDrive/ESG 팀프로젝트/2. ESG 채점 세트/보고서 3종/삼성SDI(006400)/006400_2025_business.pdf
006400,삼성SDI,2025,governance_report,/content/drive/MyDrive/ESG 팀프로젝트/2. ESG 채점 세트/보고서 3종/삼성SDI(006400)/006400_2025_governance.pdf
006400,삼성SDI,2025,sustainability_report,/content/drive/MyDrive/ESG 팀프로젝트/2. ESG 채점 세트/보고서 3종/삼성SDI(006400)/006400_2025_sustainability.pdf
009150,삼성전기,2022,business_report,/content/drive/MyDrive/ESG 팀프로젝트/2. ESG 채점 세트/보고서 3종/삼성전기(009150)/009150_2022_business.pdf
009150,삼성전기,2022,governance_report,/content/drive/MyDrive/ESG 팀프로젝트/2. ESG 채점 세트/보고서 3종/삼성전기(009150)/009150_2022_governance.pdf
009150,삼성전기,2022,sustainability_report,/content/drive/MyDrive/ESG 팀프로젝트/2. ESG 채점 세트/보고서 3종/삼성전기(009150)/009150_2022_sustainability.pdf
009150,삼성전기,2023,business_report,/content/drive/MyDrive/ESG 팀프로젝트/2. ESG 채점 세트/보고서 3종/삼성전기(009150)/009150_2023_business.pdf
009150,삼성전기,2023,governance_report,/content/drive/MyDrive/ESG 팀프로젝트/2. ESG 채점 세트/보고서 3종/삼성전기(009150)/009150_2023_governance.pdf
009150,삼성전기,2023,sustainability_report,/content/drive/MyDrive/ESG 팀프로젝트/2. ESG 채점 세트/보고서 3종/삼성전기(009150)/009150_2023_sustainability.pdf
009150,삼성전기,2024,business_report,/content/drive/MyDrive/ESG 팀프로젝트/2. ESG 채점 세트/보고서 3종/삼성전기(009150)/009150_2024_business.pdf
009150,삼성전기,2024,governance_report,/content/drive/MyDrive/ESG 팀프로젝트/2. ESG 채점 세트/보고서 3종/삼성전기(009150)/009150_2024_governance.pdf
009150,삼성전기,2024,sustainability_report,/content/drive/MyDrive/ESG 팀프로젝트/2. ESG 채점 세트/보고서 3종/삼성전기(009150)/009150_2024_sustainability.pdf
009150,삼성전기,2025,business_report,/content/drive/MyDrive/ESG 팀프로젝트/2. ESG 채점 세트/보고서 3종/삼성전기(009150)/009150_2025_business.pdf
009150,삼성전기,2025,governance_report,/content/drive/MyDrive/ESG 팀프로젝트/2. ESG 채점 세트/보고서 3종/삼성전기(009150)/009150_2025_governance.pdf
009150,삼성전기,2025,sustainability_report,/content/drive/MyDrive/ESG 팀프로젝트/2. ESG 채점 세트/보고서 3종/삼성전기(009150)/009150_2025_sustainability.pdf
005930,삼성전자,2022,business_report,/content/drive/MyDrive/ESG 팀프로젝트/2. ESG 채점 세트/보고서 3종/삼성전자(005930)/005930_2022_business.pdf
005930,삼성전자,2022,governance_report,/content/drive/MyDrive/ESG 팀프로젝트/2. ESG 채점 세트/보고서 3종/삼성전자(005930)/005930_2022_governance.pdf
005930,삼성전자,2022,sustainability_report,/content/drive/MyDrive/ESG 팀프로젝트/2. ESG 채점 세트/보고서 3종/삼성전자(005930)/005930_2022_sustainability.pdf
005930,삼성전자,2023,business_report,/content/drive/MyDrive/ESG 팀프로젝트/2. ESG 채점 세트/보고서 3종/삼성전자(005930)/005930_2023_business.pdf
005930,삼성전자,2023,governance_report,/content/drive/MyDrive/ESG 팀프로젝트/2. ESG 채점 세트/보고서 3종/삼성전자(005930)/005930_2023_governance.pdf
005930,삼성전자,2023,sustainability_report,/content/drive/MyDrive/ESG 팀프로젝트/2. ESG 채점 세트/보고서 3종/삼성전자(005930)/005930_2023_sustainability.pdf
005930,삼성전자,2024,business_report,/content/drive/MyDrive/ESG 팀프로젝트/2. ESG 채점 세트/보고서 3종/삼성전자(005930)/005930_2024_business.pdf
005930,삼성전자,2024,governance_report,/content/drive/MyDrive/ESG 팀프로젝트/2. ESG 채점 세트/보고서 3종/삼성전자(005930)/005930_2024_governance.pdf
005930,삼성전자,2024,sustainability_report,/content/drive/MyDrive/ESG 팀프로젝트/2. ESG 채점 세트/보고서 3종/삼성전자(005930)/005930_2024_sustainability.pdf
005930,삼성전자,2025,business_report,/content/drive/MyDrive/ESG 팀프로젝트/2. ESG 채점 세트/보고서 3종/삼성전자(005930)/005930_2025_business.pdf
005930,삼성전자,2025,governance_report,/content/drive/MyDrive/ESG 팀프로젝트/2. ESG 채점 세트/보고서 3종/삼성전자(005930)/005930_2025_governance.pdf
005930,삼성전자,2025,sustainability_report,/content/drive/MyDrive/ESG 팀프로젝트/2. ESG 채점 세트/보고서 3종/삼성전자(005930)/005930_2025_sustainability.pdf
005680,삼영전자공업,2024,business_report,/content/drive/MyDrive/ESG 팀프로젝트/2. ESG 채점 세트/보고서 3종/삼영전자공업(005680)/005680_2024_business.pdf
005680,삼영전자공업,2024,governance_report,/content/drive/MyDrive/ESG 팀프로젝트/2. ESG 채점 세트/보고서 3종/삼영전자공업(005680)/005680_2024_governance.pdf
005680,삼영전자공업,2025,business_report,/content/drive/MyDrive/ESG 팀프로젝트/2. ESG 채점 세트/보고서 3종/삼영전자공업(005680)/005680_2025_business.pdf
005680,삼영전자공업,2025,governance_report,/content/drive/MyDrive/ESG 팀프로젝트/2. ESG 채점 세트/보고서 3종/삼영전자공업(005680)/005680_2025_governance.pdf
046890,서울반도체,2022,business_report,/content/drive/MyDrive/ESG 팀프로젝트/2. ESG 채점 세트/보고서 3종/서울반도체(046890)/046890_2022_business.pdf
046890,서울반도체,2023,business_report,/content/drive/MyDrive/ESG 팀프로젝트/2. ESG 채점 세트/보고서 3종/서울반도체(046890)/046890_2023_business.pdf
046890,서울반도체,2024,business_report,/content/drive/MyDrive/ESG 팀프로젝트/2. ESG 채점 세트/보고서 3종/서울반도체(046890)/046890_2024_business.pdf
046890,서울반도체,2025,business_report,/content/drive/MyDrive/ESG 팀프로젝트/2. ESG 채점 세트/보고서 3종/서울반도체(046890)/046890_2025_business.pdf
004490,세방전지,2022,business_report,/content/drive/MyDrive/ESG 팀프로젝트/2. ESG 채점 세트/보고서 3종/세방전지(004490)/004490_2022_business.pdf
004490,세방전지,2022,governance_report,/content/drive/MyDrive/ESG 팀프로젝트/2. ESG 채점 세트/보고서 3종/세방전지(004490)/004490_2022_governance.pdf
004490,세방전지,2022,sustainability_report,/content/drive/MyDrive/ESG 팀프로젝트/2. ESG 채점 세트/보고서 3종/세방전지(004490)/004490_2022_sustainability.pdf
004490,세방전지,2023,business_report,/content/drive/MyDrive/ESG 팀프로젝트/2. ESG 채점 세트/보고서 3종/세방전지(004490)/004490_2023_business.pdf
004490,세방전지,2023,governance_report,/content/drive/MyDrive/ESG 팀프로젝트/2. ESG 채점 세트/보고서 3종/세방전지(004490)/004490_2023_governance.pdf
004490,세방전지,2023,sustainability_report,/content/drive/MyDrive/ESG 팀프로젝트/2. ESG 채점 세트/보고서 3종/세방전지(004490)/004490_2023_sustainability.pdf
004490,세방전지,2024,business_report,/content/drive/MyDrive/ESG 팀프로젝트/2. ESG 채점 세트/보고서 3종/세방전지(004490)/004490_2024_business.pdf
004490,세방전지,2024,governance_report,/content/drive/MyDrive/ESG 팀프로젝트/2. ESG 채점 세트/보고서 3종/세방전지(004490)/004490_2024_governance.pdf
004490,세방전지,2024,sustainability_report,/content/drive/MyDrive/ESG 팀프로젝트/2. ESG 채점 세트/보고서 3종/세방전지(004490)/004490_2024_sustainability.pdf
004490,세방전지,2025,business_report,/content/drive/MyDrive/ESG 팀프로젝트/2. ESG 채점 세트/보고서 3종/세방전지(004490)/004490_2025_business.pdf
004490,세방전지,2025,governance_report,/content/drive/MyDrive/ESG 팀프로젝트/2. ESG 채점 세트/보고서 3종/세방전지(004490)/004490_2025_governance.pdf
004490,세방전지,2025,sustainability_report,/content/drive/MyDrive/ESG 팀프로젝트/2. ESG 채점 세트/보고서 3종/세방전지(004490)/004490_2025_sustainability.pdf
336370,솔루스첨단소재,2022,business_report,/content/drive/MyDrive/ESG 팀프로젝트/2. ESG 채점 세트/보고서 3종/솔루스첨단소재(336370)/336370_2022_business.pdf
336370,솔루스첨단소재,2022,governance_report,/content/drive/MyDrive/ESG 팀프로젝트/2. ESG 채점 세트/보고서 3종/솔루스첨단소재(336370)/336370_2022_governance.pdf
336370,솔루스첨단소재,2023,business_report,/content/drive/MyDrive/ESG 팀프로젝트/2. ESG 채점 세트/보고서 3종/솔루스첨단소재(336370)/336370_2023_business.pdf
336370,솔루스첨단소재,2023,governance_report,/content/drive/MyDrive/ESG 팀프로젝트/2. ESG 채점 세트/보고서 3종/솔루스첨단소재(336370)/336370_2023_governance.pdf
336370,솔루스첨단소재,2023,sustainability_report,/content/drive/MyDrive/ESG 팀프로젝트/2. ESG 채점 세트/보고서 3종/솔루스첨단소재(336370)/336370_2023_sustainability.pdf
336370,솔루스첨단소재,2024,business_report,/content/drive/MyDrive/ESG 팀프로젝트/2. ESG 채점 세트/보고서 3종/솔루스첨단소재(336370)/336370_2024_business.pdf
336370,솔루스첨단소재,2024,governance_report,/content/drive/MyDrive/ESG 팀프로젝트/2. ESG 채점 세트/보고서 3종/솔루스첨단소재(336370)/336370_2024_governance.pdf
336370,솔루스첨단소재,2025,business_report,/content/drive/MyDrive/ESG 팀프로젝트/2. ESG 채점 세트/보고서 3종/솔루스첨단소재(336370)/336370_2025_business.pdf
336370,솔루스첨단소재,2025,governance_report,/content/drive/MyDrive/ESG 팀프로젝트/2. ESG 채점 세트/보고서 3종/솔루스첨단소재(336370)/336370_2025_governance.pdf
248070,솔루엠,2023,business_report,/content/drive/MyDrive/ESG 팀프로젝트/2. ESG 채점 세트/보고서 3종/솔루엠(248070)/248070_2023_business.pdf
248070,솔루엠,2023,governance_report,/content/drive/MyDrive/ESG 팀프로젝트/2. ESG 채점 세트/보고서 3종/솔루엠(248070)/248070_2023_governance.pdf
248070,솔루엠,2024,business_report,/content/drive/MyDrive/ESG 팀프로젝트/2. ESG 채점 세트/보고서 3종/솔루엠(248070)/248070_2024_business.pdf
248070,솔루엠,2024,governance_report,/content/drive/MyDrive/ESG 팀프로젝트/2. ESG 채점 세트/보고서 3종/솔루엠(248070)/248070_2024_governance.pdf
248070,솔루엠,2024,sustainability_report,/content/drive/MyDrive/ESG 팀프로젝트/2. ESG 채점 세트/보고서 3종/솔루엠(248070)/248070_2024_sustainability.pdf
248070,솔루엠,2025,business_report,/content/drive/MyDrive/ESG 팀프로젝트/2. ESG 채점 세트/보고서 3종/솔루엠(248070)/248070_2025_business.pdf
248070,솔루엠,2025,governance_report,/content/drive/MyDrive/ESG 팀프로젝트/2. ESG 채점 세트/보고서 3종/솔루엠(248070)/248070_2025_governance.pdf
248070,솔루엠,2025,sustainability_report,/content/drive/MyDrive/ESG 팀프로젝트/2. ESG 채점 세트/보고서 3종/솔루엠(248070)/248070_2025_sustainability.pdf
029530,신도리코,2022,business_report,/content/drive/MyDrive/ESG 팀프로젝트/2. ESG 채점 세트/보고서 3종/신도리코(029530)/029530_2022_business.pdf
029530,신도리코,2022,governance_report,/content/drive/MyDrive/ESG 팀프로젝트/2. ESG 채점 세트/보고서 3종/신도리코(029530)/029530_2022_governance.pdf
029530,신도리코,2023,business_report,/content/drive/MyDrive/ESG 팀프로젝트/2. ESG 채점 세트/보고서 3종/신도리코(029530)/029530_2023_business.pdf
029530,신도리코,2023,governance_report,/content/drive/MyDrive/ESG 팀프로젝트/2. ESG 채점 세트/보고서 3종/신도리코(029530)/029530_2023_governance.pdf
029530,신도리코,2024,business_report,/content/drive/MyDrive/ESG 팀프로젝트/2. ESG 채점 세트/보고서 3종/신도리코(029530)/029530_2024_business.pdf
029530,신도리코,2024,governance_report,/content/drive/MyDrive/ESG 팀프로젝트/2. ESG 채점 세트/보고서 3종/신도리코(029530)/029530_2024_governance.pdf
029530,신도리코,2025,business_report,/content/drive/MyDrive/ESG 팀프로젝트/2. ESG 채점 세트/보고서 3종/신도리코(029530)/029530_2025_business.pdf
029530,신도리코,2025,governance_report,/content/drive/MyDrive/ESG 팀프로젝트/2. ESG 채점 세트/보고서 3종/신도리코(029530)/029530_2025_governance.pdf
011930,신성이엔지,2024,business_report,/content/drive/MyDrive/ESG 팀프로젝트/2. ESG 채점 세트/보고서 3종/신성이엔지(011930)/011930_2024_business.pdf
011930,신성이엔지,2024,governance_report,/content/drive/MyDrive/ESG 팀프로젝트/2. ESG 채점 세트/보고서 3종/신성이엔지(011930)/011930_2024_governance.pdf
011930,신성이엔지,2025,business_report,/content/drive/MyDrive/ESG 팀프로젝트/2. ESG 채점 세트/보고서 3종/신성이엔지(011930)/011930_2025_business.pdf
011930,신성이엔지,2025,governance_report,/content/drive/MyDrive/ESG 팀프로젝트/2. ESG 채점 세트/보고서 3종/신성이엔지(011930)/011930_2025_governance.pdf
011930,신성이엔지,2025,sustainability_report,/content/drive/MyDrive/ESG 팀프로젝트/2. ESG 채점 세트/보고서 3종/신성이엔지(011930)/011930_2025_sustainability.pdf
450080,에코프로머티,2025,business_report,/content/drive/MyDrive/ESG 팀프로젝트/2. ESG 채점 세트/보고서 3종/에코프로머티(450080)/450080_2025_business.pdf
450080,에코프로머티,2025,governance_report,/content/drive/MyDrive/ESG 팀프로젝트/2. ESG 채점 세트/보고서 3종/에코프로머티(450080)/450080_2025_governance.pdf
450080,에코프로머티,2025,sustainability_report,/content/drive/MyDrive/ESG 팀프로젝트/2. ESG 채점 세트/보고서 3종/에코프로머티(450080)/450080_2025_sustainability.pdf
247540,에코프로비엠,2023,business_report,/content/drive/MyDrive/ESG 팀프로젝트/2. ESG 채점 세트/보고서 3종/에코프로비엠(247540)/247540_2023_business.pdf
247540,에코프로비엠,2023,sustainability_report,/content/drive/MyDrive/ESG 팀프로젝트/2. ESG 채점 세트/보고서 3종/에코프로비엠(247540)/247540_2023_sustainability.pdf
247540,에코프로비엠,2024,business_report,/content/drive/MyDrive/ESG 팀프로젝트/2. ESG 채점 세트/보고서 3종/에코프로비엠(247540)/247540_2024_business.pdf
247540,에코프로비엠,2024,sustainability_report,/content/drive/MyDrive/ESG 팀프로젝트/2. ESG 채점 세트/보고서 3종/에코프로비엠(247540)/247540_2024_sustainability.pdf
247540,에코프로비엠,2025,business_report,/content/drive/MyDrive/ESG 팀프로젝트/2. ESG 채점 세트/보고서 3종/에코프로비엠(247540)/247540_2025_business.pdf
247540,에코프로비엠,2025,sustainability_report,/content/drive/MyDrive/ESG 팀프로젝트/2. ESG 채점 세트/보고서 3종/에코프로비엠(247540)/247540_2025_sustainability.pdf
066970,엘앤에프,2022,business_report,/content/drive/MyDrive/ESG 팀프로젝트/2. ESG 채점 세트/보고서 3종/엘앤에프(066970)/066970_2022_business.pdf
066970,엘앤에프,2023,business_report,/content/drive/MyDrive/ESG 팀프로젝트/2. ESG 채점 세트/보고서 3종/엘앤에프(066970)/066970_2023_business.pdf
066970,엘앤에프,2023,sustainability_report,/content/drive/MyDrive/ESG 팀프로젝트/2. ESG 채점 세트/보고서 3종/엘앤에프(066970)/066970_2023_sustainability.pdf
066970,엘앤에프,2024,business_report,/content/drive/MyDrive/ESG 팀프로젝트/2. ESG 채점 세트/보고서 3종/엘앤에프(066970)/066970_2024_business.pdf
066970,엘앤에프,2024,governance_report,/content/drive/MyDrive/ESG 팀프로젝트/2. ESG 채점 세트/보고서 3종/엘앤에프(066970)/066970_2024_governance.pdf
066970,엘앤에프,2024,sustainability_report,/content/drive/MyDrive/ESG 팀프로젝트/2. ESG 채점 세트/보고서 3종/엘앤에프(066970)/066970_2024_sustainability.pdf
066970,엘앤에프,2025,business_report,/content/drive/MyDrive/ESG 팀프로젝트/2. ESG 채점 세트/보고서 3종/엘앤에프(066970)/066970_2025_business.pdf
066970,엘앤에프,2025,governance_report,/content/drive/MyDrive/ESG 팀프로젝트/2. ESG 채점 세트/보고서 3종/엘앤에프(066970)/066970_2025_governance.pdf
066970,엘앤에프,2025,sustainability_report,/content/drive/MyDrive/ESG 팀프로젝트/2. ESG 채점 세트/보고서 3종/엘앤에프(066970)/066970_2025_sustainability.pdf
010120,엘에스일렉트릭,2022,business_report,/content/drive/MyDrive/ESG 팀프로젝트/2. ESG 채점 세트/보고서 3종/엘에스일렉트릭(010120)/010120_2022_business.pdf
010120,엘에스일렉트릭,2022,governance_report,/content/drive/MyDrive/ESG 팀프로젝트/2. ESG 채점 세트/보고서 3종/엘에스일렉트릭(010120)/010120_2022_governance.pdf
010120,엘에스일렉트릭,2022,sustainability_report,/content/drive/MyDrive/ESG 팀프로젝트/2. ESG 채점 세트/보고서 3종/엘에스일렉트릭(010120)/010120_2022_sustainability.pdf
010120,엘에스일렉트릭,2023,business_report,/content/drive/MyDrive/ESG 팀프로젝트/2. ESG 채점 세트/보고서 3종/엘에스일렉트릭(010120)/010120_2023_business.pdf
010120,엘에스일렉트릭,2023,governance_report,/content/drive/MyDrive/ESG 팀프로젝트/2. ESG 채점 세트/보고서 3종/엘에스일렉트릭(010120)/010120_2023_governance.pdf
010120,엘에스일렉트릭,2023,sustainability_report,/content/drive/MyDrive/ESG 팀프로젝트/2. ESG 채점 세트/보고서 3종/엘에스일렉트릭(010120)/010120_2023_sustainability.pdf
010120,엘에스일렉트릭,2024,business_report,/content/drive/MyDrive/ESG 팀프로젝트/2. ESG 채점 세트/보고서 3종/엘에스일렉트릭(010120)/010120_2024_business.pdf
010120,엘에스일렉트릭,2024,governance_report,/content/drive/MyDrive/ESG 팀프로젝트/2. ESG 채점 세트/보고서 3종/엘에스일렉트릭(010120)/010120_2024_governance.pdf
010120,엘에스일렉트릭,2024,sustainability_report,/content/drive/MyDrive/ESG 팀프로젝트/2. ESG 채점 세트/보고서 3종/엘에스일렉트릭(010120)/010120_2024_sustainability.pdf
010120,엘에스일렉트릭,2025,business_report,/content/drive/MyDrive/ESG 팀프로젝트/2. ESG 채점 세트/보고서 3종/엘에스일렉트릭(010120)/010120_2025_business.pdf
010120,엘에스일렉트릭,2025,governance_report,/content/drive/MyDrive/ESG 팀프로젝트/2. ESG 채점 세트/보고서 3종/엘에스일렉트릭(010120)/010120_2025_governance.pdf
010120,엘에스일렉트릭,2025,sustainability_report,/content/drive/MyDrive/ESG 팀프로젝트/2. ESG 채점 세트/보고서 3종/엘에스일렉트릭(010120)/010120_2025_sustainability.pdf
097520,엠씨넥스,2024,business_report,/content/drive/MyDrive/ESG 팀프로젝트/2. ESG 채점 세트/보고서 3종/엠씨넥스(097520)/097520_2024_business.pdf
097520,엠씨넥스,2024,governance_report,/content/drive/MyDrive/ESG 팀프로젝트/2. ESG 채점 세트/보고서 3종/엠씨넥스(097520)/097520_2024_governance.pdf
097520,엠씨넥스,2024,sustainability_report,/content/drive/MyDrive/ESG 팀프로젝트/2. ESG 채점 세트/보고서 3종/엠씨넥스(097520)/097520_2024_sustainability.pdf
097520,엠씨넥스,2025,business_report,/content/drive/MyDrive/ESG 팀프로젝트/2. ESG 채점 세트/보고서 3종/엠씨넥스(097520)/097520_2025_business.pdf
097520,엠씨넥스,2025,governance_report,/content/drive/MyDrive/ESG 팀프로젝트/2. ESG 채점 세트/보고서 3종/엠씨넥스(097520)/097520_2025_governance.pdf
007660,이수페타시스,2023,business_report,/content/drive/MyDrive/ESG 팀프로젝트/2. ESG 채점 세트/보고서 3종/이수페타시스(007660)/007660_2023_business.pdf
007660,이수페타시스,2023,sustainability_report,/content/drive/MyDrive/ESG 팀프로젝트/2. ESG 채점 세트/보고서 3종/이수페타시스(007660)/007660_2023_sustainability.pdf
007660,이수페타시스,2024,business_report,/content/drive/MyDrive/ESG 팀프로젝트/2. ESG 채점 세트/보고서 3종/이수페타시스(007660)/007660_2024_business.pdf
007660,이수페타시스,2024,governance_report,/content/drive/MyDrive/ESG 팀프로젝트/2. ESG 채점 세트/보고서 3종/이수페타시스(007660)/007660_2024_governance.pdf
007660,이수페타시스,2024,sustainability_report,/content/drive/MyDrive/ESG 팀프로젝트/2. ESG 채점 세트/보고서 3종/이수페타시스(007660)/007660_2024_sustainability.pdf
007660,이수페타시스,2025,business_report,/content/drive/MyDrive/ESG 팀프로젝트/2. ESG 채점 세트/보고서 3종/이수페타시스(007660)/007660_2025_business.pdf
007660,이수페타시스,2025,governance_report,/content/drive/MyDrive/ESG 팀프로젝트/2. ESG 채점 세트/보고서 3종/이수페타시스(007660)/007660_2025_governance.pdf
189300,인텔리안테크,2025,business_report,/content/drive/MyDrive/ESG 팀프로젝트/2. ESG 채점 세트/보고서 3종/인텔리안테크(189300)/189300_2025_business.pdf
189300,인텔리안테크,2025,sustainability_report,/content/drive/MyDrive/ESG 팀프로젝트/2. ESG 채점 세트/보고서 3종/인텔리안테크(189300)/189300_2025_sustainability.pdf
103590,일진전기,2022,business_report,/content/drive/MyDrive/ESG 팀프로젝트/2. ESG 채점 세트/보고서 3종/일진전기(103590)/103590_2022_business.pdf
103590,일진전기,2022,sustainability_report,/content/drive/MyDrive/ESG 팀프로젝트/2. ESG 채점 세트/보고서 3종/일진전기(103590)/103590_2022_sustainability.pdf
103590,일진전기,2023,business_report,/content/drive/MyDrive/ESG 팀프로젝트/2. ESG 채점 세트/보고서 3종/일진전기(103590)/103590_2023_business.pdf
103590,일진전기,2023,sustainability_report,/content/drive/MyDrive/ESG 팀프로젝트/2. ESG 채점 세트/보고서 3종/일진전기(103590)/103590_2023_sustainability.pdf
103590,일진전기,2024,business_report,/content/drive/MyDrive/ESG 팀프로젝트/2. ESG 채점 세트/보고서 3종/일진전기(103590)/103590_2024_business.pdf
103590,일진전기,2024,governance_report,/content/drive/MyDrive/ESG 팀프로젝트/2. ESG 채점 세트/보고서 3종/일진전기(103590)/103590_2024_governance.pdf
103590,일진전기,2024,sustainability_report,/content/drive/MyDrive/ESG 팀프로젝트/2. ESG 채점 세트/보고서 3종/일진전기(103590)/103590_2024_sustainability.pdf
103590,일진전기,2025,business_report,/content/drive/MyDrive/ESG 팀프로젝트/2. ESG 채점 세트/보고서 3종/일진전기(103590)/103590_2025_business.pdf
103590,일진전기,2025,governance_report,/content/drive/MyDrive/ESG 팀프로젝트/2. ESG 채점 세트/보고서 3종/일진전기(103590)/103590_2025_governance.pdf
103590,일진전기,2025,sustainability_report,/content/drive/MyDrive/ESG 팀프로젝트/2. ESG 채점 세트/보고서 3종/일진전기(103590)/103590_2025_sustainability.pdf
033240,자화전자,2024,business_report,/content/drive/MyDrive/ESG 팀프로젝트/2. ESG 채점 세트/보고서 3종/자화전자(033240)/033240_2024_business.pdf
033240,자화전자,2024,governance_report,/content/drive/MyDrive/ESG 팀프로젝트/2. ESG 채점 세트/보고서 3종/자화전자(033240)/033240_2024_governance.pdf
033240,자화전자,2025,business_report,/content/drive/MyDrive/ESG 팀프로젝트/2. ESG 채점 세트/보고서 3종/자화전자(033240)/033240_2025_business.pdf
033240,자화전자,2025,governance_report,/content/drive/MyDrive/ESG 팀프로젝트/2. ESG 채점 세트/보고서 3종/자화전자(033240)/033240_2025_governance.pdf
007810,코리아써키트,2022,business_report,/content/drive/MyDrive/ESG 팀프로젝트/2. ESG 채점 세트/보고서 3종/코리아써키트(007810)/007810_2022_business.pdf
007810,코리아써키트,2022,governance_report,/content/drive/MyDrive/ESG 팀프로젝트/2. ESG 채점 세트/보고서 3종/코리아써키트(007810)/007810_2022_governance.pdf
007810,코리아써키트,2023,business_report,/content/drive/MyDrive/ESG 팀프로젝트/2. ESG 채점 세트/보고서 3종/코리아써키트(007810)/007810_2023_business.pdf
007810,코리아써키트,2023,governance_report,/content/drive/MyDrive/ESG 팀프로젝트/2. ESG 채점 세트/보고서 3종/코리아써키트(007810)/007810_2023_governance.pdf
007810,코리아써키트,2024,business_report,/content/drive/MyDrive/ESG 팀프로젝트/2. ESG 채점 세트/보고서 3종/코리아써키트(007810)/007810_2024_business.pdf
007810,코리아써키트,2024,governance_report,/content/drive/MyDrive/ESG 팀프로젝트/2. ESG 채점 세트/보고서 3종/코리아써키트(007810)/007810_2024_governance.pdf
007810,코리아써키트,2024,sustainability_report,/content/drive/MyDrive/ESG 팀프로젝트/2. ESG 채점 세트/보고서 3종/코리아써키트(007810)/007810_2024_sustainability.pdf
007810,코리아써키트,2025,business_report,/content/drive/MyDrive/ESG 팀프로젝트/2. ESG 채점 세트/보고서 3종/코리아써키트(007810)/007810_2025_business.pdf
007810,코리아써키트,2025,governance_report,/content/drive/MyDrive/ESG 팀프로젝트/2. ESG 채점 세트/보고서 3종/코리아써키트(007810)/007810_2025_governance.pdf
007810,코리아써키트,2025,sustainability_report,/content/drive/MyDrive/ESG 팀프로젝트/2. ESG 채점 세트/보고서 3종/코리아써키트(007810)/007810_2025_sustainability.pdf
019180,티에이치엔,2025,business_report,/content/drive/MyDrive/ESG 팀프로젝트/2. ESG 채점 세트/보고서 3종/티에이치엔(019180)/019180_2025_business.pdf
019180,티에이치엔,2025,governance_report,/content/drive/MyDrive/ESG 팀프로젝트/2. ESG 채점 세트/보고서 3종/티에이치엔(019180)/019180_2025_governance.pdf
003670,포스코퓨처엠,2022,business_report,/content/drive/MyDrive/ESG 팀프로젝트/2. ESG 채점 세트/보고서 3종/포스코퓨처엠(003670)/003670_2022_business.pdf
003670,포스코퓨처엠,2022,governance_report,/content/drive/MyDrive/ESG 팀프로젝트/2. ESG 채점 세트/보고서 3종/포스코퓨처엠(003670)/003670_2022_governance.pdf
003670,포스코퓨처엠,2022,sustainability_report,/content/drive/MyDrive/ESG 팀프로젝트/2. ESG 채점 세트/보고서 3종/포스코퓨처엠(003670)/003670_2022_sustainability.pdf
003670,포스코퓨처엠,2023,business_report,/content/drive/MyDrive/ESG 팀프로젝트/2. ESG 채점 세트/보고서 3종/포스코퓨처엠(003670)/003670_2023_business.pdf
003670,포스코퓨처엠,2023,governance_report,/content/drive/MyDrive/ESG 팀프로젝트/2. ESG 채점 세트/보고서 3종/포스코퓨처엠(003670)/003670_2023_governance.pdf
003670,포스코퓨처엠,2023,sustainability_report,/content/drive/MyDrive/ESG 팀프로젝트/2. ESG 채점 세트/보고서 3종/포스코퓨처엠(003670)/003670_2023_sustainability.pdf
003670,포스코퓨처엠,2024,business_report,/content/drive/MyDrive/ESG 팀프로젝트/2. ESG 채점 세트/보고서 3종/포스코퓨처엠(003670)/003670_2024_business.pdf
003670,포스코퓨처엠,2024,governance_report,/content/drive/MyDrive/ESG 팀프로젝트/2. ESG 채점 세트/보고서 3종/포스코퓨처엠(003670)/003670_2024_governance.pdf
003670,포스코퓨처엠,2024,sustainability_report,/content/drive/MyDrive/ESG 팀프로젝트/2. ESG 채점 세트/보고서 3종/포스코퓨처엠(003670)/003670_2024_sustainability.pdf
003670,포스코퓨처엠,2025,business_report,/content/drive/MyDrive/ESG 팀프로젝트/2. ESG 채점 세트/보고서 3종/포스코퓨처엠(003670)/003670_2025_business.pdf
003670,포스코퓨처엠,2025,governance_report,/content/drive/MyDrive/ESG 팀프로젝트/2. ESG 채점 세트/보고서 3종/포스코퓨처엠(003670)/003670_2025_governance.pdf
003670,포스코퓨처엠,2025,sustainability_report,/content/drive/MyDrive/ESG 팀프로젝트/2. ESG 채점 세트/보고서 3종/포스코퓨처엠(003670)/003670_2025_sustainability.pdf
067310,하나마이크론,2023,business_report,/content/drive/MyDrive/ESG 팀프로젝트/2. ESG 채점 세트/보고서 3종/하나마이크론(067310)/067310_2023_business.pdf
067310,하나마이크론,2023,sustainability_report,/content/drive/MyDrive/ESG 팀프로젝트/2. ESG 채점 세트/보고서 3종/하나마이크론(067310)/067310_2023_sustainability.pdf
067310,하나마이크론,2024,business_report,/content/drive/MyDrive/ESG 팀프로젝트/2. ESG 채점 세트/보고서 3종/하나마이크론(067310)/067310_2024_business.pdf
067310,하나마이크론,2024,sustainability_report,/content/drive/MyDrive/ESG 팀프로젝트/2. ESG 채점 세트/보고서 3종/하나마이크론(067310)/067310_2024_sustainability.pdf
067310,하나마이크론,2025,business_report,/content/drive/MyDrive/ESG 팀프로젝트/2. ESG 채점 세트/보고서 3종/하나마이크론(067310)/067310_2025_business.pdf
067310,하나마이크론,2025,sustainability_report,/content/drive/MyDrive/ESG 팀프로젝트/2. ESG 채점 세트/보고서 3종/하나마이크론(067310)/067310_2025_sustainability.pdf
166090,하나머티리얼즈,2023,business_report,/content/drive/MyDrive/ESG 팀프로젝트/2. ESG 채점 세트/보고서 3종/하나머티리얼즈(166090)/166090_2023_business.pdf
166090,하나머티리얼즈,2023,sustainability_report,/content/drive/MyDrive/ESG 팀프로젝트/2. ESG 채점 세트/보고서 3종/하나머티리얼즈(166090)/166090_2023_sustainability.pdf
166090,하나머티리얼즈,2024,business_report,/content/drive/MyDrive/ESG 팀프로젝트/2. ESG 채점 세트/보고서 3종/하나머티리얼즈(166090)/166090_2024_business.pdf
166090,하나머티리얼즈,2024,sustainability_report,/content/drive/MyDrive/ESG 팀프로젝트/2. ESG 채점 세트/보고서 3종/하나머티리얼즈(166090)/166090_2024_sustainability.pdf
166090,하나머티리얼즈,2025,business_report,/content/drive/MyDrive/ESG 팀프로젝트/2. ESG 채점 세트/보고서 3종/하나머티리얼즈(166090)/166090_2025_business.pdf
166090,하나머티리얼즈,2025,sustainability_report,/content/drive/MyDrive/ESG 팀프로젝트/2. ESG 채점 세트/보고서 3종/하나머티리얼즈(166090)/166090_2025_sustainability.pdf
025540,한국단자공업,2022,business_report,/content/drive/MyDrive/ESG 팀프로젝트/2. ESG 채점 세트/보고서 3종/한국단자공업(025540)/025540_2022_business.pdf
025540,한국단자공업,2022,governance_report,/content/drive/MyDrive/ESG 팀프로젝트/2. ESG 채점 세트/보고서 3종/한국단자공업(025540)/025540_2022_governance.pdf
025540,한국단자공업,2023,business_report,/content/drive/MyDrive/ESG 팀프로젝트/2. ESG 채점 세트/보고서 3종/한국단자공업(025540)/025540_2023_business.pdf
025540,한국단자공업,2023,governance_report,/content/drive/MyDrive/ESG 팀프로젝트/2. ESG 채점 세트/보고서 3종/한국단자공업(025540)/025540_2023_governance.pdf
025540,한국단자공업,2024,business_report,/content/drive/MyDrive/ESG 팀프로젝트/2. ESG 채점 세트/보고서 3종/한국단자공업(025540)/025540_2024_business.pdf
025540,한국단자공업,2024,governance_report,/content/drive/MyDrive/ESG 팀프로젝트/2. ESG 채점 세트/보고서 3종/한국단자공업(025540)/025540_2024_governance.pdf
025540,한국단자공업,2024,sustainability_report,/content/drive/MyDrive/ESG 팀프로젝트/2. ESG 채점 세트/보고서 3종/한국단자공업(025540)/025540_2024_sustainability.pdf
025540,한국단자공업,2025,business_report,/content/drive/MyDrive/ESG 팀프로젝트/2. ESG 채점 세트/보고서 3종/한국단자공업(025540)/025540_2025_business.pdf
025540,한국단자공업,2025,governance_report,/content/drive/MyDrive/ESG 팀프로젝트/2. ESG 채점 세트/보고서 3종/한국단자공업(025540)/025540_2025_governance.pdf
025540,한국단자공업,2025,sustainability_report,/content/drive/MyDrive/ESG 팀프로젝트/2. ESG 채점 세트/보고서 3종/한국단자공업(025540)/025540_2025_sustainability.pdf
004710,한솔테크닉스,2023,business_report,/content/drive/MyDrive/ESG 팀프로젝트/2. ESG 채점 세트/보고서 3종/한솔테크닉스(004710)/004710_2023_business.pdf
004710,한솔테크닉스,2023,governance_report,/content/drive/MyDrive/ESG 팀프로젝트/2. ESG 채점 세트/보고서 3종/한솔테크닉스(004710)/004710_2023_governance.pdf
004710,한솔테크닉스,2023,sustainability_report,/content/drive/MyDrive/ESG 팀프로젝트/2. ESG 채점 세트/보고서 3종/한솔테크닉스(004710)/004710_2023_sustainability.pdf
004710,한솔테크닉스,2024,business_report,/content/drive/MyDrive/ESG 팀프로젝트/2. ESG 채점 세트/보고서 3종/한솔테크닉스(004710)/004710_2024_business.pdf
004710,한솔테크닉스,2024,governance_report,/content/drive/MyDrive/ESG 팀프로젝트/2. ESG 채점 세트/보고서 3종/한솔테크닉스(004710)/004710_2024_governance.pdf
004710,한솔테크닉스,2024,sustainability_report,/content/drive/MyDrive/ESG 팀프로젝트/2. ESG 채점 세트/보고서 3종/한솔테크닉스(004710)/004710_2024_sustainability.pdf
004710,한솔테크닉스,2025,business_report,/content/drive/MyDrive/ESG 팀프로젝트/2. ESG 채점 세트/보고서 3종/한솔테크닉스(004710)/004710_2025_business.pdf
004710,한솔테크닉스,2025,governance_report,/content/drive/MyDrive/ESG 팀프로젝트/2. ESG 채점 세트/보고서 3종/한솔테크닉스(004710)/004710_2025_governance.pdf
004710,한솔테크닉스,2025,sustainability_report,/content/drive/MyDrive/ESG 팀프로젝트/2. ESG 채점 세트/보고서 3종/한솔테크닉스(004710)/004710_2025_sustainability.pdf
272210,한화시스템,2022,business_report,/content/drive/MyDrive/ESG 팀프로젝트/2. ESG 채점 세트/보고서 3종/한화시스템(272210)/272210_2022_business.pdf
272210,한화시스템,2022,governance_report,/content/drive/MyDrive/ESG 팀프로젝트/2. ESG 채점 세트/보고서 3종/한화시스템(272210)/272210_2022_governance.pdf
272210,한화시스템,2022,sustainability_report,/content/drive/MyDrive/ESG 팀프로젝트/2. ESG 채점 세트/보고서 3종/한화시스템(272210)/272210_2022_sustainability.pdf
272210,한화시스템,2023,business_report,/content/drive/MyDrive/ESG 팀프로젝트/2. ESG 채점 세트/보고서 3종/한화시스템(272210)/272210_2023_business.pdf
272210,한화시스템,2023,governance_report,/content/drive/MyDrive/ESG 팀프로젝트/2. ESG 채점 세트/보고서 3종/한화시스템(272210)/272210_2023_governance.pdf
272210,한화시스템,2023,sustainability_report,/content/drive/MyDrive/ESG 팀프로젝트/2. ESG 채점 세트/보고서 3종/한화시스템(272210)/272210_2023_sustainability.pdf
272210,한화시스템,2024,business_report,/content/drive/MyDrive/ESG 팀프로젝트/2. ESG 채점 세트/보고서 3종/한화시스템(272210)/272210_2024_business.pdf
272210,한화시스템,2024,governance_report,/content/drive/MyDrive/ESG 팀프로젝트/2. ESG 채점 세트/보고서 3종/한화시스템(272210)/272210_2024_governance.pdf
272210,한화시스템,2024,sustainability_report,/content/drive/MyDrive/ESG 팀프로젝트/2. ESG 채점 세트/보고서 3종/한화시스템(272210)/272210_2024_sustainability.pdf
272210,한화시스템,2025,business_report,/content/drive/MyDrive/ESG 팀프로젝트/2. ESG 채점 세트/보고서 3종/한화시스템(272210)/272210_2025_business.pdf
272210,한화시스템,2025,governance_report,/content/drive/MyDrive/ESG 팀프로젝트/2. ESG 채점 세트/보고서 3종/한화시스템(272210)/272210_2025_governance.pdf
272210,한화시스템,2025,sustainability_report,/content/drive/MyDrive/ESG 팀프로젝트/2. ESG 채점 세트/보고서 3종/한화시스템(272210)/272210_2025_sustainability.pdf
195870,해성디에스,2024,business_report,/content/drive/MyDrive/ESG 팀프로젝트/2. ESG 채점 세트/보고서 3종/해성디에스(195870)/195870_2024_business.pdf
195870,해성디에스,2024,governance_report,/content/drive/MyDrive/ESG 팀프로젝트/2. ESG 채점 세트/보고서 3종/해성디에스(195870)/195870_2024_governance.pdf
195870,해성디에스,2024,sustainability_report,/content/drive/MyDrive/ESG 팀프로젝트/2. ESG 채점 세트/보고서 3종/해성디에스(195870)/195870_2024_sustainability.pdf
195870,해성디에스,2025,business_report,/content/drive/MyDrive/ESG 팀프로젝트/2. ESG 채점 세트/보고서 3종/해성디에스(195870)/195870_2025_business.pdf
195870,해성디에스,2025,governance_report,/content/drive/MyDrive/ESG 팀프로젝트/2. ESG 채점 세트/보고서 3종/해성디에스(195870)/195870_2025_governance.pdf
195870,해성디에스,2025,sustainability_report,/content/drive/MyDrive/ESG 팀프로젝트/2. ESG 채점 세트/보고서 3종/해성디에스(195870)/195870_2025_sustainability.pdf
298040,효성중공업,2022,business_report,/content/drive/MyDrive/ESG 팀프로젝트/2. ESG 채점 세트/보고서 3종/효성중공업(298040)/298040_2022_business.pdf
298040,효성중공업,2022,governance_report,/content/drive/MyDrive/ESG 팀프로젝트/2. ESG 채점 세트/보고서 3종/효성중공업(298040)/298040_2022_governance.pdf
298040,효성중공업,2022,sustainability_report,/content/drive/MyDrive/ESG 팀프로젝트/2. ESG 채점 세트/보고서 3종/효성중공업(298040)/298040_2022_sustainability.pdf
298040,효성중공업,2023,business_report,/content/drive/MyDrive/ESG 팀프로젝트/2. ESG 채점 세트/보고서 3종/효성중공업(298040)/298040_2023_business.pdf
298040,효성중공업,2023,governance_report,/content/drive/MyDrive/ESG 팀프로젝트/2. ESG 채점 세트/보고서 3종/효성중공업(298040)/298040_2023_governance.pdf
298040,효성중공업,2023,sustainability_report,/content/drive/MyDrive/ESG 팀프로젝트/2. ESG 채점 세트/보고서 3종/효성중공업(298040)/298040_2023_sustainability.pdf
298040,효성중공업,2024,business_report,/content/drive/MyDrive/ESG 팀프로젝트/2. ESG 채점 세트/보고서 3종/효성중공업(298040)/298040_2024_business.pdf
298040,효성중공업,2024,governance_report,/content/drive/MyDrive/ESG 팀프로젝트/2. ESG 채점 세트/보고서 3종/효성중공업(298040)/298040_2024_governance.pdf
298040,효성중공업,2024,sustainability_report,/content/drive/MyDrive/ESG 팀프로젝트/2. ESG 채점 세트/보고서 3종/효성중공업(298040)/298040_2024_sustainability.pdf
298040,효성중공업,2025,business_report,/content/drive/MyDrive/ESG 팀프로젝트/2. ESG 채점 세트/보고서 3종/효성중공업(298040)/298040_2025_business.pdf
298040,효성중공업,2025,governance_report,/content/drive/MyDrive/ESG 팀프로젝트/2. ESG 채점 세트/보고서 3종/효성중공업(298040)/298040_2025_governance.pdf
298040,효성중공업,2025,sustainability_report,/content/drive/MyDrive/ESG 팀프로젝트/2. ESG 채점 세트/보고서 3종/효성중공업(298040)/298040_2025_sustainability.pdf
